CREATE DATABASE  IF NOT EXISTS `zeus-data` /*!40100 DEFAULT CHARACTER SET utf8mb4 COLLATE utf8mb4_0900_ai_ci */ /*!80016 DEFAULT ENCRYPTION='N' */;
USE `zeus-data`;
-- MySQL dump 10.13  Distrib 8.0.36, for Win64 (x86_64)
--
-- Host: localhost    Database: zeus-data
-- ------------------------------------------------------
-- Server version	8.0.36

/*!40101 SET @OLD_CHARACTER_SET_CLIENT=@@CHARACTER_SET_CLIENT */;
/*!40101 SET @OLD_CHARACTER_SET_RESULTS=@@CHARACTER_SET_RESULTS */;
/*!40101 SET @OLD_COLLATION_CONNECTION=@@COLLATION_CONNECTION */;
/*!50503 SET NAMES utf8 */;
/*!40103 SET @OLD_TIME_ZONE=@@TIME_ZONE */;
/*!40103 SET TIME_ZONE='+00:00' */;
/*!40014 SET @OLD_UNIQUE_CHECKS=@@UNIQUE_CHECKS, UNIQUE_CHECKS=0 */;
/*!40014 SET @OLD_FOREIGN_KEY_CHECKS=@@FOREIGN_KEY_CHECKS, FOREIGN_KEY_CHECKS=0 */;
/*!40101 SET @OLD_SQL_MODE=@@SQL_MODE, SQL_MODE='NO_AUTO_VALUE_ON_ZERO' */;
/*!40111 SET @OLD_SQL_NOTES=@@SQL_NOTES, SQL_NOTES=0 */;

--
-- Table structure for table `customer_personnel`
--

DROP TABLE IF EXISTS `customer_personnel`;
/*!40101 SET @saved_cs_client     = @@character_set_client */;
/*!50503 SET character_set_client = utf8mb4 */;
CREATE TABLE `customer_personnel` (
  `id` bigint NOT NULL AUTO_INCREMENT,
  `active` bit(1) NOT NULL,
  `contact_number` varchar(20) DEFAULT NULL,
  `created_at` datetime(6) NOT NULL,
  `created_by` varchar(50) DEFAULT NULL,
  `department` varchar(100) DEFAULT NULL,
  `designation` varchar(100) DEFAULT NULL,
  `email` varchar(100) DEFAULT NULL,
  `full_name` varchar(100) NOT NULL,
  `is_primary_contact` bit(1) DEFAULT NULL,
  `notes` text,
  `secondary_contact` varchar(20) DEFAULT NULL,
  `updated_at` datetime(6) DEFAULT NULL,
  `updated_by` varchar(50) DEFAULT NULL,
  `customer_id` bigint NOT NULL,
  PRIMARY KEY (`id`),
  KEY `FKododmd1l2o2cqb46m6k82gwma` (`customer_id`),
  CONSTRAINT `FKododmd1l2o2cqb46m6k82gwma` FOREIGN KEY (`customer_id`) REFERENCES `customers` (`id`)
) ENGINE=InnoDB AUTO_INCREMENT=115 DEFAULT CHARSET=utf8mb4 COLLATE=utf8mb4_0900_ai_ci;
/*!40101 SET character_set_client = @saved_cs_client */;

--
-- Dumping data for table `customer_personnel`
--

LOCK TABLES `customer_personnel` WRITE;
/*!40000 ALTER TABLE `customer_personnel` DISABLE KEYS */;
INSERT INTO `customer_personnel` VALUES (1,_binary '','7868987188','2025-07-11 15:36:39.540430','admin','Operations','Lead Operator','bp@gmail.com','Bhikhubhai Patel',_binary '\0','','7678379893','2025-07-11 15:41:22.298113','admin',1),(2,_binary '','+91-7134941386','2025-07-17 06:03:40.760700','admin','Engineering','Manager','lisa.brown@techcorpindustries.com','Lisa Brown',_binary '\0',NULL,NULL,'2025-07-17 06:03:40.760700','admin',2),(3,_binary '','+91-7691422941','2025-07-17 06:03:40.776337','admin','Procurement','Coordinator','robert.rodriguez@techcorpindustries.com','Robert Rodriguez',_binary '\0',NULL,NULL,'2025-07-17 06:03:40.776337','admin',2),(4,_binary '','+91-7993429656','2025-07-17 06:03:40.776337','admin','Engineering','Lead','emily.davis@globalmanufacturingltd.com','Emily Davis',_binary '\0',NULL,NULL,'2025-07-17 06:03:40.776337','admin',3),(5,_binary '','+91-7784360544','2025-07-17 06:03:40.791961','admin','Quality','Executive','david.jones@globalmanufacturingltd.com','David Jones',_binary '\0',NULL,NULL,'2025-07-17 06:03:40.791961','admin',3),(6,_binary '','+91-7318879114','2025-07-17 06:03:40.791961','admin','Engineering','Specialist','james.johnson@precisionengineeringco.com','James Johnson',_binary '\0',NULL,NULL,'2025-07-17 06:03:40.791961','admin',4),(7,_binary '','+91-7289710697','2025-07-17 06:03:40.807597','admin','Procurement','Executive','jennifer.brown@precisionengineeringco.com','Jennifer Brown',_binary '\0',NULL,NULL,'2025-07-17 06:03:40.807597','admin',4),(8,_binary '','+91-7051410565','2025-07-17 06:03:40.807597','admin','Procurement','Coordinator','sarah.jones@advancedroboticsinc.com','Sarah Jones',_binary '\0',NULL,NULL,'2025-07-17 06:03:40.807597','admin',5),(9,_binary '','+91-7109537357','2025-07-17 06:03:40.823213','admin','Operations','Coordinator','sarah.jones@advancedroboticsinc.com','Sarah Jones',_binary '\0',NULL,NULL,'2025-07-17 06:03:40.823213','admin',5),(10,_binary '','+91-7464392813','2025-07-17 06:03:40.823213','admin','Quality','Lead','maria.williams@industrialsolutionspvtltd.com','Maria Williams',_binary '\0',NULL,NULL,'2025-07-17 06:03:40.823213','admin',6),(11,_binary '','+91-7117598569','2025-07-17 06:03:40.838836','admin','Sales','Senior Engineer','john.brown@industrialsolutionspvtltd.com','John Brown',_binary '\0',NULL,NULL,'2025-07-17 06:03:40.838836','admin',6),(12,_binary '','+91-7379989332','2025-07-17 06:03:40.838836','admin','Quality','Lead','michael.davis@industrialsolutionspvtltd.com','Michael Davis',_binary '\0',NULL,NULL,'2025-07-17 06:03:40.838836','admin',6),(13,_binary '','+91-7794905094','2025-07-17 06:03:40.838836','admin','Production','Specialist','james.jones@industrialsolutionspvtltd.com','James Jones',_binary '\0',NULL,NULL,'2025-07-17 06:03:40.838836','admin',6),(14,_binary '','+91-7639959186','2025-07-17 06:03:40.854459','admin','Production','Coordinator','maria.davis@megatechcorporation.com','Maria Davis',_binary '\0',NULL,NULL,'2025-07-17 06:03:40.854459','admin',7),(15,_binary '','+91-7091601262','2025-07-17 06:03:40.854459','admin','Engineering','Coordinator','robert.miller@megatechcorporation.com','Robert Miller',_binary '\0',NULL,NULL,'2025-07-17 06:03:40.854459','admin',7),(16,_binary '','+91-7672638180','2025-07-17 06:03:40.860465','admin','Engineering','Specialist','john.davis@futuresystemsltd.com','John Davis',_binary '\0',NULL,NULL,'2025-07-17 06:03:40.860465','admin',8),(17,_binary '','+91-7960937932','2025-07-17 06:03:40.860465','admin','Sales','Specialist','jennifer.miller@futuresystemsltd.com','Jennifer Miller',_binary '\0',NULL,NULL,'2025-07-17 06:03:40.860465','admin',8),(18,_binary '','+91-7233709714','2025-07-17 06:03:40.870470','admin','Production','Executive','lisa.jones@innovativedesignsinc.com','Lisa Jones',_binary '\0',NULL,NULL,'2025-07-17 06:03:40.870470','admin',9),(19,_binary '','+91-7442244635','2025-07-17 06:03:40.870470','admin','Procurement','Manager','sarah.smith@innovativedesignsinc.com','Sarah Smith',_binary '\0',NULL,NULL,'2025-07-17 06:03:40.870470','admin',9),(20,_binary '','+91-7068379597','2025-07-17 06:03:40.887462','admin','Quality','Executive','robert.jones@smartmanufacturingco.com','Robert Jones',_binary '\0',NULL,NULL,'2025-07-17 06:03:40.887462','admin',10),(21,_binary '','+91-7668347805','2025-07-17 06:03:40.887462','admin','Quality','Lead','david.miller@smartmanufacturingco.com','David Miller',_binary '\0',NULL,NULL,'2025-07-17 06:03:40.887462','admin',10),(22,_binary '','+91-7988433758','2025-07-17 06:03:40.887462','admin','Production','Coordinator','james.williams@smartmanufacturingco.com','James Williams',_binary '\0',NULL,NULL,'2025-07-17 06:03:40.887462','admin',10),(23,_binary '','+91-7170402147','2025-07-17 06:03:40.903091','admin','Production','Senior Engineer','john.garcia@eliteengineeringworks.com','John Garcia',_binary '\0',NULL,NULL,'2025-07-17 06:03:40.903091','admin',11),(24,_binary '','+91-7587364246','2025-07-17 06:03:40.903091','admin','Quality','Lead','james.smith@eliteengineeringworks.com','James Smith',_binary '\0',NULL,NULL,'2025-07-17 06:03:40.903091','admin',11),(25,_binary '','+91-7945573674','2025-07-17 06:03:40.903091','admin','Production','Coordinator','jennifer.martinez@eliteengineeringworks.com','Jennifer Martinez',_binary '\0',NULL,NULL,'2025-07-17 06:03:40.903091','admin',11),(26,_binary '','+91-7190980112','2025-07-17 06:03:40.903091','admin','Sales','Coordinator','james.garcia@eliteengineeringworks.com','James Garcia',_binary '\0',NULL,NULL,'2025-07-17 06:03:40.903091','admin',11),(27,_binary '','+91-7583570418','2025-07-17 06:03:40.918725','admin','Procurement','Coordinator','jennifer.rodriguez@modernindustriesltd.com','Jennifer Rodriguez',_binary '\0',NULL,NULL,'2025-07-17 06:03:40.918725','admin',12),(28,_binary '','+91-7076264753','2025-07-17 06:03:40.918725','admin','Procurement','Lead','lisa.johnson@modernindustriesltd.com','Lisa Johnson',_binary '\0',NULL,NULL,'2025-07-17 06:03:40.918725','admin',12),(29,_binary '','+91-7687832122','2025-07-17 06:03:40.918725','admin','Procurement','Lead','sarah.miller@modernindustriesltd.com','Sarah Miller',_binary '\0',NULL,NULL,'2025-07-17 06:03:40.918725','admin',12),(30,_binary '','+91-7677940856','2025-07-17 06:03:40.934344','admin','Production','Coordinator','james.smith@modernindustriesltd.com','James Smith',_binary '\0',NULL,NULL,'2025-07-17 06:03:40.934344','admin',12),(31,_binary '','+91-7784588032','2025-07-17 06:03:40.934344','admin','Production','Specialist','john.rodriguez@progressivetechsolutions.com','John Rodriguez',_binary '\0',NULL,NULL,'2025-07-17 06:03:40.934344','admin',13),(32,_binary '','+91-7838290212','2025-07-17 06:03:40.949967','admin','Procurement','Lead','maria.miller@progressivetechsolutions.com','Maria Miller',_binary '\0',NULL,NULL,'2025-07-17 06:03:40.949967','admin',13),(33,_binary '','+91-7048061892','2025-07-17 06:03:40.960476','admin','Operations','Manager','james.martinez@dynamicsystemscorp.com','James Martinez',_binary '\0',NULL,NULL,'2025-07-17 06:03:40.960476','admin',14),(34,_binary '','+91-7996134321','2025-07-17 06:03:40.965987','admin','Engineering','Executive','emily.garcia@dynamicsystemscorp.com','Emily Garcia',_binary '\0',NULL,NULL,'2025-07-17 06:03:40.965987','admin',14),(35,_binary '','+91-7505443931','2025-07-17 06:03:40.965987','admin','Engineering','Senior Engineer','lisa.brown@dynamicsystemscorp.com','Lisa Brown',_binary '\0',NULL,NULL,'2025-07-17 06:03:40.965987','admin',14),(36,_binary '','+91-7079138387','2025-07-17 06:03:40.965987','admin','Production','Lead','jennifer.miller@dynamicsystemscorp.com','Jennifer Miller',_binary '\0',NULL,NULL,'2025-07-17 06:03:40.965987','admin',14),(37,_binary '','+91-7271182031','2025-07-17 06:03:40.978955','admin','Sales','Executive','maria.davis@nextgenmanufacturing.com','Maria Davis',_binary '\0',NULL,NULL,'2025-07-17 06:03:40.978955','admin',15),(38,_binary '','+91-7037081328','2025-07-17 06:03:40.978955','admin','Engineering','Specialist','maria.smith@nextgenmanufacturing.com','Maria Smith',_binary '\0',NULL,NULL,'2025-07-17 06:03:40.978955','admin',15),(39,_binary '','+91-7057089468','2025-07-17 06:03:40.978955','admin','Procurement','Executive','michael.williams@premierindustrialgroup.com','Michael Williams',_binary '\0',NULL,NULL,'2025-07-17 06:03:40.978955','admin',16),(40,_binary '','+91-7778848512','2025-07-17 06:03:40.994582','admin','Quality','Manager','jennifer.johnson@premierindustrialgroup.com','Jennifer Johnson',_binary '\0',NULL,NULL,'2025-07-17 06:03:40.994582','admin',16),(41,_binary '','+91-7229032892','2025-07-17 06:03:40.994582','admin','Production','Lead','emily.brown@premierindustrialgroup.com','Emily Brown',_binary '\0',NULL,NULL,'2025-07-17 06:03:40.994582','admin',16),(42,_binary '','+91-7034024815','2025-07-17 06:03:40.994582','admin','Quality','Senior Engineer','michael.miller@apexengineeringltd.com','Michael Miller',_binary '\0',NULL,NULL,'2025-07-17 06:03:40.994582','admin',17),(43,_binary '','+91-7726111035','2025-07-17 06:03:40.994582','admin','Quality','Specialist','jennifer.rodriguez@apexengineeringltd.com','Jennifer Rodriguez',_binary '\0',NULL,NULL,'2025-07-17 06:03:40.994582','admin',17),(44,_binary '','+91-7227880746','2025-07-17 06:03:41.010205','admin','Quality','Manager','john.miller@superiortechindustries.com','John Miller',_binary '\0',NULL,NULL,'2025-07-17 06:03:41.010205','admin',18),(45,_binary '','+91-7179947180','2025-07-17 06:03:41.010205','admin','Sales','Lead','robert.rodriguez@superiortechindustries.com','Robert Rodriguez',_binary '\0',NULL,NULL,'2025-07-17 06:03:41.010205','admin',18),(46,_binary '','+91-7275364890','2025-07-17 06:03:41.010205','admin','Quality','Coordinator','robert.miller@superiortechindustries.com','Robert Miller',_binary '\0',NULL,NULL,'2025-07-17 06:03:41.010205','admin',18),(47,_binary '','+91-7183418891','2025-07-17 06:03:41.025832','admin','Sales','Specialist','michael.williams@superiortechindustries.com','Michael Williams',_binary '\0',NULL,NULL,'2025-07-17 06:03:41.025832','admin',18),(48,_binary '','+91-7449607113','2025-07-17 06:03:41.041458','admin','Procurement','Manager','james.garcia@excellencemanufacturing.com','James Garcia',_binary '\0',NULL,NULL,'2025-07-17 06:03:41.041458','admin',19),(49,_binary '','+91-7982253758','2025-07-17 06:03:41.041458','admin','Production','Lead','maria.martinez@excellencemanufacturing.com','Maria Martinez',_binary '\0',NULL,NULL,'2025-07-17 06:03:41.041458','admin',19),(50,_binary '','+91-7014927876','2025-07-17 06:03:41.057089','admin','Operations','Lead','james.smith@primesolutionsinc.com','James Smith',_binary '\0',NULL,NULL,'2025-07-17 06:03:41.057089','admin',20),(51,_binary '','+91-7058859601','2025-07-17 06:03:41.060597','admin','Production','Executive','sarah.johnson@primesolutionsinc.com','Sarah Johnson',_binary '\0',NULL,NULL,'2025-07-17 06:03:41.060597','admin',20),(52,_binary '','+91-7420207524','2025-07-17 06:03:41.065896','admin','Quality','Coordinator','jennifer.brown@primesolutionsinc.com','Jennifer Brown',_binary '\0',NULL,NULL,'2025-07-17 06:03:41.065896','admin',20),(53,_binary '','+91-7687066272','2025-07-17 06:03:41.075026','admin','Operations','Coordinator','james.garcia@ultimateengineeringco.com','James Garcia',_binary '\0',NULL,NULL,'2025-07-17 06:03:41.075026','admin',21),(54,_binary '','+91-7808132520','2025-07-17 06:03:41.079025','admin','Procurement','Specialist','maria.rodriguez@ultimateengineeringco.com','Maria Rodriguez',_binary '\0',NULL,NULL,'2025-07-17 06:03:41.079025','admin',21),(55,_binary '','+91-7686134743','2025-07-17 06:48:18.873450','admin','Quality','Manager','lisa.brown@techcorpindustries.com','Lisa Brown',_binary '\0',NULL,NULL,'2025-07-17 06:48:18.873450','admin',22),(56,_binary '','+91-7387846198','2025-07-17 06:48:18.889075','admin','Production','Lead','sarah.martinez@techcorpindustries.com','Sarah Martinez',_binary '\0',NULL,NULL,'2025-07-17 06:48:18.889075','admin',22),(57,_binary '','+91-7406247027','2025-07-17 06:48:18.889075','admin','Quality','Executive','emily.johnson@globalmanufacturingltd.com','Emily Johnson',_binary '\0',NULL,NULL,'2025-07-17 06:48:18.889075','admin',23),(58,_binary '','+91-7362658078','2025-07-17 06:48:18.889075','admin','Quality','Lead','lisa.martinez@globalmanufacturingltd.com','Lisa Martinez',_binary '\0',NULL,NULL,'2025-07-17 06:48:18.889075','admin',23),(59,_binary '','+91-7662913198','2025-07-17 06:48:18.905526','admin','Quality','Coordinator','robert.smith@globalmanufacturingltd.com','Robert Smith',_binary '\0',NULL,NULL,'2025-07-17 06:48:18.905526','admin',23),(60,_binary '','+91-7158185691','2025-07-17 06:48:18.905526','admin','Procurement','Senior Engineer','sarah.smith@globalmanufacturingltd.com','Sarah Smith',_binary '\0',NULL,NULL,'2025-07-17 06:48:18.905526','admin',23),(61,_binary '','+91-7308337401','2025-07-17 06:48:18.905526','admin','Sales','Specialist','michael.miller@precisionengineeringco.com','Michael Miller',_binary '\0',NULL,NULL,'2025-07-17 06:48:18.905526','admin',24),(62,_binary '','+91-7412705379','2025-07-17 06:48:18.905526','admin','Quality','Senior Engineer','james.martinez@precisionengineeringco.com','James Martinez',_binary '\0',NULL,NULL,'2025-07-17 06:48:18.905526','admin',24),(63,_binary '','+91-7211828072','2025-07-17 06:48:18.905526','admin','Quality','Lead','maria.brown@precisionengineeringco.com','Maria Brown',_binary '\0',NULL,NULL,'2025-07-17 06:48:18.905526','admin',24),(64,_binary '','+91-7341582025','2025-07-17 06:48:18.921152','admin','Engineering','Executive','robert.martinez@advancedroboticsinc.com','Robert Martinez',_binary '\0',NULL,NULL,'2025-07-17 06:48:18.921152','admin',25),(65,_binary '','+91-7744599222','2025-07-17 06:48:18.928657','admin','Operations','Manager','james.williams@advancedroboticsinc.com','James Williams',_binary '\0',NULL,NULL,'2025-07-17 06:48:18.928657','admin',25),(66,_binary '','+91-7120556598','2025-07-17 06:48:18.928657','admin','Quality','Coordinator','david.garcia@advancedroboticsinc.com','David Garcia',_binary '\0',NULL,NULL,'2025-07-17 06:48:18.928657','admin',25),(67,_binary '','+91-7364842349','2025-07-17 06:48:18.928657','admin','Sales','Specialist','jennifer.brown@advancedroboticsinc.com','Jennifer Brown',_binary '\0',NULL,NULL,'2025-07-17 06:48:18.928657','admin',25),(68,_binary '','+91-7182027358','2025-07-17 06:48:18.937161','admin','Production','Specialist','michael.brown@industrialsolutionspvtltd.com','Michael Brown',_binary '\0',NULL,NULL,'2025-07-17 06:48:18.937161','admin',26),(69,_binary '','+91-7806320643','2025-07-17 06:48:18.937161','admin','Production','Executive','john.martinez@industrialsolutionspvtltd.com','John Martinez',_binary '\0',NULL,NULL,'2025-07-17 06:48:18.937161','admin',26),(70,_binary '','+91-7987990958','2025-07-17 06:48:18.937161','admin','Quality','Manager','james.johnson@industrialsolutionspvtltd.com','James Johnson',_binary '\0',NULL,NULL,'2025-07-17 06:48:18.937161','admin',26),(71,_binary '','+91-7239856995','2025-07-17 06:48:18.937161','admin','Sales','Senior Engineer','sarah.johnson@industrialsolutionspvtltd.com','Sarah Johnson',_binary '\0',NULL,NULL,'2025-07-17 06:48:18.937161','admin',26),(72,_binary '','+91-7961330056','2025-07-17 06:48:18.952793','admin','Sales','Manager','robert.martinez@megatechcorporation.com','Robert Martinez',_binary '\0',NULL,NULL,'2025-07-17 06:48:18.952793','admin',27),(73,_binary '','+91-7302258593','2025-07-17 06:48:18.952793','admin','Sales','Specialist','sarah.williams@megatechcorporation.com','Sarah Williams',_binary '\0',NULL,NULL,'2025-07-17 06:48:18.952793','admin',27),(74,_binary '','+91-7655162302','2025-07-17 06:48:18.952793','admin','Operations','Coordinator','john.brown@megatechcorporation.com','John Brown',_binary '\0',NULL,NULL,'2025-07-17 06:48:18.952793','admin',27),(75,_binary '','+91-7423505052','2025-07-17 06:48:18.968418','admin','Quality','Senior Engineer','robert.williams@futuresystemsltd.com','Robert Williams',_binary '\0',NULL,NULL,'2025-07-17 06:48:18.968418','admin',28),(76,_binary '','+91-7669792277','2025-07-17 06:48:18.968418','admin','Sales','Manager','david.garcia@futuresystemsltd.com','David Garcia',_binary '\0',NULL,NULL,'2025-07-17 06:48:18.968418','admin',28),(77,_binary '','+91-7843840573','2025-07-17 06:48:18.968418','admin','Operations','Manager','jennifer.brown@innovativedesignsinc.com','Jennifer Brown',_binary '\0',NULL,NULL,'2025-07-17 06:48:18.968418','admin',29),(78,_binary '','+91-7442030837','2025-07-17 06:48:18.968418','admin','Engineering','Manager','david.smith@innovativedesignsinc.com','David Smith',_binary '\0',NULL,NULL,'2025-07-17 06:48:18.968418','admin',29),(79,_binary '','+91-7327098201','2025-07-17 06:48:18.984043','admin','Operations','Manager','sarah.martinez@innovativedesignsinc.com','Sarah Martinez',_binary '\0',NULL,NULL,'2025-07-17 06:48:18.984043','admin',29),(80,_binary '','+91-7473951582','2025-07-17 06:48:18.984043','admin','Engineering','Lead','emily.miller@smartmanufacturingco.com','Emily Miller',_binary '\0',NULL,NULL,'2025-07-17 06:48:18.984043','admin',30),(81,_binary '','+91-7049843667','2025-07-17 06:48:18.984043','admin','Production','Manager','david.garcia@smartmanufacturingco.com','David Garcia',_binary '\0',NULL,NULL,'2025-07-17 06:48:18.984043','admin',30),(82,_binary '','+91-7558389577','2025-07-17 06:48:18.984043','admin','Production','Specialist','sarah.johnson@eliteengineeringworks.com','Sarah Johnson',_binary '\0',NULL,NULL,'2025-07-17 06:48:18.984043','admin',31),(83,_binary '','+91-7516855574','2025-07-17 06:48:18.999667','admin','Operations','Manager','robert.garcia@eliteengineeringworks.com','Robert Garcia',_binary '\0',NULL,NULL,'2025-07-17 06:48:18.999667','admin',31),(84,_binary '','+91-7382798880','2025-07-17 06:48:18.999667','admin','Procurement','Specialist','david.martinez@eliteengineeringworks.com','David Martinez',_binary '\0',NULL,NULL,'2025-07-17 06:48:18.999667','admin',31),(85,_binary '','+91-7222470189','2025-07-17 06:48:18.999667','admin','Operations','Coordinator','michael.garcia@modernindustriesltd.com','Michael Garcia',_binary '\0',NULL,NULL,'2025-07-17 06:48:18.999667','admin',32),(86,_binary '','+91-7222065884','2025-07-17 06:48:18.999667','admin','Operations','Manager','jennifer.smith@modernindustriesltd.com','Jennifer Smith',_binary '\0',NULL,NULL,'2025-07-17 06:48:18.999667','admin',32),(87,_binary '','+91-7478439509','2025-07-17 06:48:18.999667','admin','Quality','Coordinator','david.davis@modernindustriesltd.com','David Davis',_binary '\0',NULL,NULL,'2025-07-17 06:48:18.999667','admin',32),(88,_binary '','+91-7742981436','2025-07-17 06:48:19.015325','admin','Operations','Coordinator','michael.davis@progressivetechsolutions.com','Michael Davis',_binary '\0',NULL,NULL,'2025-07-17 06:48:19.015325','admin',33),(89,_binary '','+91-7943010362','2025-07-17 06:48:19.015325','admin','Production','Senior Engineer','robert.garcia@progressivetechsolutions.com','Robert Garcia',_binary '\0',NULL,NULL,'2025-07-17 06:48:19.015325','admin',33),(90,_binary '','+91-7133364929','2025-07-17 06:48:19.015325','admin','Sales','Specialist','emily.johnson@progressivetechsolutions.com','Emily Johnson',_binary '\0',NULL,NULL,'2025-07-17 06:48:19.015325','admin',33),(91,_binary '','+91-7767105683','2025-07-17 06:48:19.028838','admin','Engineering','Manager','lisa.johnson@progressivetechsolutions.com','Lisa Johnson',_binary '\0',NULL,NULL,'2025-07-17 06:48:19.028838','admin',33),(92,_binary '','+91-7233085076','2025-07-17 06:48:19.031345','admin','Quality','Manager','jennifer.brown@dynamicsystemscorp.com','Jennifer Brown',_binary '\0',NULL,NULL,'2025-07-17 06:48:19.031345','admin',34),(93,_binary '','+91-7413375963','2025-07-17 06:48:19.031345','admin','Engineering','Specialist','james.brown@dynamicsystemscorp.com','James Brown',_binary '\0',NULL,NULL,'2025-07-17 06:48:19.031345','admin',34),(94,_binary '','+91-7992805049','2025-07-17 06:48:19.031345','admin','Operations','Specialist','lisa.rodriguez@dynamicsystemscorp.com','Lisa Rodriguez',_binary '\0',NULL,NULL,'2025-07-17 06:48:19.031345','admin',34),(95,_binary '','+91-7283036385','2025-07-17 06:48:19.046977','admin','Quality','Senior Engineer','jennifer.rodriguez@nextgenmanufacturing.com','Jennifer Rodriguez',_binary '\0',NULL,NULL,'2025-07-17 06:48:19.046977','admin',35),(96,_binary '','+91-7030922365','2025-07-17 06:48:19.046977','admin','Sales','Senior Engineer','james.davis@nextgenmanufacturing.com','James Davis',_binary '\0',NULL,NULL,'2025-07-17 06:48:19.046977','admin',35),(97,_binary '','+91-7459927089','2025-07-17 06:48:19.046977','admin','Sales','Manager','robert.williams@nextgenmanufacturing.com','Robert Williams',_binary '\0',NULL,NULL,'2025-07-17 06:48:19.046977','admin',35),(98,_binary '','+91-7567183750','2025-07-17 06:48:19.046977','admin','Quality','Manager','emily.garcia@premierindustrialgroup.com','Emily Garcia',_binary '\0',NULL,NULL,'2025-07-17 06:48:19.046977','admin',36),(99,_binary '','+91-7355827819','2025-07-17 06:48:19.062603','admin','Operations','Specialist','jennifer.johnson@premierindustrialgroup.com','Jennifer Johnson',_binary '\0',NULL,NULL,'2025-07-17 06:48:19.062603','admin',36),(100,_binary '','+91-7059707327','2025-07-17 06:48:19.065255','admin','Procurement','Coordinator','david.brown@premierindustrialgroup.com','David Brown',_binary '\0',NULL,NULL,'2025-07-17 06:48:19.065255','admin',36),(101,_binary '','+91-7250984727','2025-07-17 06:48:19.065255','admin','Sales','Coordinator','jennifer.brown@premierindustrialgroup.com','Jennifer Brown',_binary '\0',NULL,NULL,'2025-07-17 06:48:19.065255','admin',36),(102,_binary '','+91-7650539098','2025-07-17 06:48:19.065255','admin','Sales','Coordinator','maria.garcia@apexengineeringltd.com','Maria Garcia',_binary '\0',NULL,NULL,'2025-07-17 06:48:19.065255','admin',37),(103,_binary '','+91-7323746361','2025-07-17 06:48:19.065255','admin','Operations','Executive','david.rodriguez@apexengineeringltd.com','David Rodriguez',_binary '\0',NULL,NULL,'2025-07-17 06:48:19.065255','admin',37),(104,_binary '','+91-7718966991','2025-07-17 06:48:19.080912','admin','Production','Manager','emily.williams@superiortechindustries.com','Emily Williams',_binary '\0',NULL,NULL,'2025-07-17 06:48:19.080912','admin',38),(105,_binary '','+91-7721108364','2025-07-17 06:48:19.080912','admin','Engineering','Coordinator','lisa.smith@superiortechindustries.com','Lisa Smith',_binary '\0',NULL,NULL,'2025-07-17 06:48:19.080912','admin',38),(106,_binary '','+91-7537563873','2025-07-17 06:48:19.080912','admin','Procurement','Senior Engineer','james.miller@excellencemanufacturing.com','James Miller',_binary '\0',NULL,NULL,'2025-07-17 06:48:19.080912','admin',39),(107,_binary '','+91-7174684068','2025-07-17 06:48:19.080912','admin','Sales','Lead','maria.smith@excellencemanufacturing.com','Maria Smith',_binary '\0',NULL,NULL,'2025-07-17 06:48:19.080912','admin',39),(108,_binary '','+91-7231217895','2025-07-17 06:48:19.080912','admin','Operations','Senior Engineer','james.jones@excellencemanufacturing.com','James Jones',_binary '\0',NULL,NULL,'2025-07-17 06:48:19.080912','admin',39),(109,_binary '','+91-7902152812','2025-07-17 06:48:19.096507','admin','Production','Specialist','james.garcia@primesolutionsinc.com','James Garcia',_binary '\0',NULL,NULL,'2025-07-17 06:48:19.096507','admin',40),(110,_binary '','+91-7364469921','2025-07-17 06:48:19.096507','admin','Operations','Lead','lisa.davis@primesolutionsinc.com','Lisa Davis',_binary '\0',NULL,NULL,'2025-07-17 06:48:19.096507','admin',40),(111,_binary '','+91-7577191331','2025-07-17 06:48:19.096507','admin','Procurement','Executive','jennifer.brown@ultimateengineeringco.com','Jennifer Brown',_binary '\0',NULL,NULL,'2025-07-17 06:48:19.096507','admin',41),(112,_binary '','+91-7686191282','2025-07-17 06:48:19.096507','admin','Procurement','Specialist','james.miller@ultimateengineeringco.com','James Miller',_binary '\0',NULL,NULL,'2025-07-17 06:48:19.096507','admin',41),(113,_binary '','+91-7555891449','2025-07-17 06:48:19.096507','admin','Production','Manager','robert.rodriguez@ultimateengineeringco.com','Robert Rodriguez',_binary '\0',NULL,NULL,'2025-07-17 06:48:19.096507','admin',41),(114,_binary '','+91-7663534352','2025-07-17 06:48:19.112132','admin','Production','Executive','lisa.brown@ultimateengineeringco.com','Lisa Brown',_binary '\0',NULL,NULL,'2025-07-17 06:48:19.112132','admin',41);
/*!40000 ALTER TABLE `customer_personnel` ENABLE KEYS */;
UNLOCK TABLES;

--
-- Table structure for table `customers`
--

DROP TABLE IF EXISTS `customers`;
/*!40101 SET @saved_cs_client     = @@character_set_client */;
/*!50503 SET character_set_client = utf8mb4 */;
CREATE TABLE `customers` (
  `id` bigint NOT NULL AUTO_INCREMENT,
  `active` bit(1) NOT NULL,
  `address_line1` varchar(200) DEFAULT NULL,
  `address_line2` varchar(200) DEFAULT NULL,
  `city` varchar(100) DEFAULT NULL,
  `company_name` varchar(100) NOT NULL,
  `contact_number` varchar(20) DEFAULT NULL,
  `country` varchar(100) DEFAULT NULL,
  `created_at` datetime(6) NOT NULL,
  `created_by` varchar(50) DEFAULT NULL,
  `description` text,
  `email` varchar(100) DEFAULT NULL,
  `postal_code` varchar(20) DEFAULT NULL,
  `secondary_contact` varchar(20) DEFAULT NULL,
  `state` varchar(100) DEFAULT NULL,
  `updated_at` datetime(6) DEFAULT NULL,
  `updated_by` varchar(50) DEFAULT NULL,
  `website_url` varchar(200) DEFAULT NULL,
  PRIMARY KEY (`id`)
) ENGINE=InnoDB AUTO_INCREMENT=42 DEFAULT CHARSET=utf8mb4 COLLATE=utf8mb4_0900_ai_ci;
/*!40101 SET character_set_client = @saved_cs_client */;

--
-- Dumping data for table `customers`
--

LOCK TABLES `customers` WRITE;
/*!40000 ALTER TABLE `customers` DISABLE KEYS */;
INSERT INTO `customers` VALUES (1,_binary '','707 ','GIDC Makarpura','Vadodara','ABC Corporation','8989898910','India','2025-07-11 15:27:18.040007','admin','This is a sample description','k@abccorp.com','390010','','Gujarat','2025-07-11 16:13:10.771737','admin','www.abccorporation.com'),(2,_binary '','123 Industrial Park','Sector 15','Gurgaon','TechCorp Industries','+91-7967215366','India','2025-07-17 06:03:40.713352','admin','Leading automotive company specializing in high-quality manufacturing solutions.','info@techcorpindustries.com','122001',NULL,'Haryana','2025-07-17 06:03:40.713352','admin',NULL),(3,_binary '','456 Tech Valley','Whitefield','Bangalore','Global Manufacturing Ltd','+91-7316189971','India','2025-07-17 06:03:40.776337','admin','Leading pharmaceutical company specializing in high-quality manufacturing solutions.','info@globalmanufacturingltd.com','560066',NULL,'Karnataka','2025-07-17 06:03:40.776337','admin',NULL),(4,_binary '','789 Manufacturing Hub','Hinjewadi','Pune','Precision Engineering Co','+91-7908938763','India','2025-07-17 06:03:40.791961','admin','Leading electronics company specializing in high-quality manufacturing solutions.','info@precisionengineeringco.com','411057',NULL,'Maharashtra','2025-07-17 06:03:40.791961','admin',NULL),(5,_binary '','321 Business District','Andheri East','Mumbai','Advanced Robotics Inc','+91-7119102582','India','2025-07-17 06:03:40.807597','admin','Leading food processing company specializing in high-quality manufacturing solutions.','info@advancedroboticsinc.com','400069',NULL,'Maharashtra','2025-07-17 06:03:40.807597','admin',NULL),(6,_binary '','654 IT Corridor','Thoraipakkam','Chennai','Industrial Solutions Pvt Ltd','+91-7936883421','India','2025-07-17 06:03:40.823213','admin','Leading food processing company specializing in high-quality manufacturing solutions.','info@industrialsolutionspvtltd.com','600097',NULL,'Tamil Nadu','2025-07-17 06:03:40.823213','admin',NULL),(7,_binary '','987 Industrial Area','Udyog Vihar','Gurgaon','MegaTech Corporation','+91-7248391736','India','2025-07-17 06:03:40.838836','admin','Leading automotive company specializing in high-quality manufacturing solutions.','info@megatechcorporation.com','122016',NULL,'Haryana','2025-07-17 06:03:40.838836','admin',NULL),(8,_binary '','123 Industrial Park','Sector 15','Gurgaon','Future Systems Ltd','+91-7270492932','India','2025-07-17 06:03:40.860465','admin','Leading aerospace company specializing in high-quality manufacturing solutions.','info@futuresystemsltd.com','122001',NULL,'Haryana','2025-07-17 06:03:40.860465','admin',NULL),(9,_binary '','456 Tech Valley','Whitefield','Bangalore','Innovative Designs Inc','+91-7429088239','India','2025-07-17 06:03:40.870470','admin','Leading food processing company specializing in high-quality manufacturing solutions.','info@innovativedesignsinc.com','560066',NULL,'Karnataka','2025-07-17 06:03:40.870470','admin',NULL),(10,_binary '','789 Manufacturing Hub','Hinjewadi','Pune','Smart Manufacturing Co','+91-7263425580','India','2025-07-17 06:03:40.870470','admin','Leading electronics company specializing in high-quality manufacturing solutions.','info@smartmanufacturingco.com','411057',NULL,'Maharashtra','2025-07-17 06:03:40.870470','admin',NULL),(11,_binary '','321 Business District','Andheri East','Mumbai','Elite Engineering Works','+91-7696115351','India','2025-07-17 06:03:40.887462','admin','Leading electronics company specializing in high-quality manufacturing solutions.','info@eliteengineeringworks.com','400069',NULL,'Maharashtra','2025-07-17 06:03:40.887462','admin',NULL),(12,_binary '','654 IT Corridor','Thoraipakkam','Chennai','Modern Industries Ltd','+91-7416743200','India','2025-07-17 06:03:40.918725','admin','Leading food processing company specializing in high-quality manufacturing solutions.','info@modernindustriesltd.com','600097',NULL,'Tamil Nadu','2025-07-17 06:03:40.918725','admin',NULL),(13,_binary '','987 Industrial Area','Udyog Vihar','Gurgaon','Progressive Tech Solutions','+91-7033620610','India','2025-07-17 06:03:40.934344','admin','Leading food processing company specializing in high-quality manufacturing solutions.','info@progressivetechsolutions.com','122016',NULL,'Haryana','2025-07-17 06:03:40.934344','admin',NULL),(14,_binary '','123 Industrial Park','Sector 15','Gurgaon','Dynamic Systems Corp','+91-7160652627','India','2025-07-17 06:03:40.949967','admin','Leading electronics company specializing in high-quality manufacturing solutions.','info@dynamicsystemscorp.com','122001',NULL,'Haryana','2025-07-17 06:03:40.949967','admin',NULL),(15,_binary '','456 Tech Valley','Whitefield','Bangalore','NextGen Manufacturing','+91-7454078993','India','2025-07-17 06:03:40.965987','admin','Leading food processing company specializing in high-quality manufacturing solutions.','info@nextgenmanufacturing.com','560066',NULL,'Karnataka','2025-07-17 06:03:40.965987','admin',NULL),(16,_binary '','789 Manufacturing Hub','Hinjewadi','Pune','Premier Industrial Group','+91-7702575954','India','2025-07-17 06:03:40.978955','admin','Leading electronics company specializing in high-quality manufacturing solutions.','info@premierindustrialgroup.com','411057',NULL,'Maharashtra','2025-07-17 06:03:40.978955','admin',NULL),(17,_binary '','321 Business District','Andheri East','Mumbai','Apex Engineering Ltd','+91-7915632669','India','2025-07-17 06:03:40.994582','admin','Leading electronics company specializing in high-quality manufacturing solutions.','info@apexengineeringltd.com','400069',NULL,'Maharashtra','2025-07-17 06:03:40.994582','admin',NULL),(18,_binary '','654 IT Corridor','Thoraipakkam','Chennai','Superior Tech Industries','+91-7319250432','India','2025-07-17 06:03:41.010205','admin','Leading automotive company specializing in high-quality manufacturing solutions.','info@superiortechindustries.com','600097',NULL,'Tamil Nadu','2025-07-17 06:03:41.010205','admin',NULL),(19,_binary '','987 Industrial Area','Udyog Vihar','Gurgaon','Excellence Manufacturing','+91-7934445160','India','2025-07-17 06:03:41.025832','admin','Leading pharmaceutical company specializing in high-quality manufacturing solutions.','info@excellencemanufacturing.com','122016',NULL,'Haryana','2025-07-17 06:03:41.025832','admin',NULL),(20,_binary '','123 Industrial Park','Sector 15','Gurgaon','Prime Solutions Inc','+91-7002893050','India','2025-07-17 06:03:41.041458','admin','Leading food processing company specializing in high-quality manufacturing solutions.','info@primesolutionsinc.com','122001',NULL,'Haryana','2025-07-17 06:03:41.041458','admin',NULL),(21,_binary '','456 Tech Valley','Whitefield','Bangalore','Ultimate Engineering Co','+91-7035370490','India','2025-07-17 06:03:41.065896','admin','Leading aerospace company specializing in high-quality manufacturing solutions.','info@ultimateengineeringco.com','560066',NULL,'Karnataka','2025-07-17 06:03:41.065896','admin',NULL),(22,_binary '','123 Industrial Park','Sector 15','Gurgaon','TechCorp Industries','+91-7328262623','India','2025-07-17 06:48:18.842194','admin','Leading pharmaceutical company specializing in high-quality manufacturing solutions.','info@techcorpindustries.com','122001',NULL,'Haryana','2025-07-17 06:48:18.842194','admin',NULL),(23,_binary '','456 Tech Valley','Whitefield','Bangalore','Global Manufacturing Ltd','+91-7683417603','India','2025-07-17 06:48:18.889075','admin','Leading electronics company specializing in high-quality manufacturing solutions.','info@globalmanufacturingltd.com','560066',NULL,'Karnataka','2025-07-17 06:48:18.889075','admin',NULL),(24,_binary '','789 Manufacturing Hub','Hinjewadi','Pune','Precision Engineering Co','+91-7079435943','India','2025-07-17 06:48:18.905526','admin','Leading electronics company specializing in high-quality manufacturing solutions.','info@precisionengineeringco.com','411057',NULL,'Maharashtra','2025-07-17 06:48:18.905526','admin',NULL),(25,_binary '','321 Business District','Andheri East','Mumbai','Advanced Robotics Inc','+91-7885863038','India','2025-07-17 06:48:18.921152','admin','Leading automotive company specializing in high-quality manufacturing solutions.','info@advancedroboticsinc.com','400069',NULL,'Maharashtra','2025-07-17 06:48:18.921152','admin',NULL),(26,_binary '','654 IT Corridor','Thoraipakkam','Chennai','Industrial Solutions Pvt Ltd','+91-7834633459','India','2025-07-17 06:48:18.937161','admin','Leading aerospace company specializing in high-quality manufacturing solutions.','info@industrialsolutionspvtltd.com','600097',NULL,'Tamil Nadu','2025-07-17 06:48:18.937161','admin',NULL),(27,_binary '','987 Industrial Area','Udyog Vihar','Gurgaon','MegaTech Corporation','+91-7768018317','India','2025-07-17 06:48:18.952793','admin','Leading electronics company specializing in high-quality manufacturing solutions.','info@megatechcorporation.com','122016',NULL,'Haryana','2025-07-17 06:48:18.952793','admin',NULL),(28,_binary '','123 Industrial Park','Sector 15','Gurgaon','Future Systems Ltd','+91-7683571709','India','2025-07-17 06:48:18.952793','admin','Leading electronics company specializing in high-quality manufacturing solutions.','info@futuresystemsltd.com','122001',NULL,'Haryana','2025-07-17 06:48:18.952793','admin',NULL),(29,_binary '','456 Tech Valley','Whitefield','Bangalore','Innovative Designs Inc','+91-7936575460','India','2025-07-17 06:48:18.968418','admin','Leading pharmaceutical company specializing in high-quality manufacturing solutions.','info@innovativedesignsinc.com','560066',NULL,'Karnataka','2025-07-17 06:48:18.968418','admin',NULL),(30,_binary '','789 Manufacturing Hub','Hinjewadi','Pune','Smart Manufacturing Co','+91-7709346503','India','2025-07-17 06:48:18.984043','admin','Leading automotive company specializing in high-quality manufacturing solutions.','info@smartmanufacturingco.com','411057',NULL,'Maharashtra','2025-07-17 06:48:18.984043','admin',NULL),(31,_binary '','321 Business District','Andheri East','Mumbai','Elite Engineering Works','+91-7079927227','India','2025-07-17 06:48:18.984043','admin','Leading aerospace company specializing in high-quality manufacturing solutions.','info@eliteengineeringworks.com','400069',NULL,'Maharashtra','2025-07-17 06:48:18.984043','admin',NULL),(32,_binary '','654 IT Corridor','Thoraipakkam','Chennai','Modern Industries Ltd','+91-7804492399','India','2025-07-17 06:48:18.999667','admin','Leading pharmaceutical company specializing in high-quality manufacturing solutions.','info@modernindustriesltd.com','600097',NULL,'Tamil Nadu','2025-07-17 06:48:18.999667','admin',NULL),(33,_binary '','987 Industrial Area','Udyog Vihar','Gurgaon','Progressive Tech Solutions','+91-7343361013','India','2025-07-17 06:48:19.015325','admin','Leading pharmaceutical company specializing in high-quality manufacturing solutions.','info@progressivetechsolutions.com','122016',NULL,'Haryana','2025-07-17 06:48:19.015325','admin',NULL),(34,_binary '','123 Industrial Park','Sector 15','Gurgaon','Dynamic Systems Corp','+91-7894659352','India','2025-07-17 06:48:19.031345','admin','Leading automotive company specializing in high-quality manufacturing solutions.','info@dynamicsystemscorp.com','122001',NULL,'Haryana','2025-07-17 06:48:19.031345','admin',NULL),(35,_binary '','456 Tech Valley','Whitefield','Bangalore','NextGen Manufacturing','+91-7589635648','India','2025-07-17 06:48:19.031345','admin','Leading aerospace company specializing in high-quality manufacturing solutions.','info@nextgenmanufacturing.com','560066',NULL,'Karnataka','2025-07-17 06:48:19.031345','admin',NULL),(36,_binary '','789 Manufacturing Hub','Hinjewadi','Pune','Premier Industrial Group','+91-7890396782','India','2025-07-17 06:48:19.046977','admin','Leading food processing company specializing in high-quality manufacturing solutions.','info@premierindustrialgroup.com','411057',NULL,'Maharashtra','2025-07-17 06:48:19.046977','admin',NULL),(37,_binary '','321 Business District','Andheri East','Mumbai','Apex Engineering Ltd','+91-7050407670','India','2025-07-17 06:48:19.065255','admin','Leading food processing company specializing in high-quality manufacturing solutions.','info@apexengineeringltd.com','400069',NULL,'Maharashtra','2025-07-17 06:48:19.065255','admin',NULL),(38,_binary '','654 IT Corridor','Thoraipakkam','Chennai','Superior Tech Industries','+91-7533274853','India','2025-07-17 06:48:19.080912','admin','Leading pharmaceutical company specializing in high-quality manufacturing solutions.','info@superiortechindustries.com','600097',NULL,'Tamil Nadu','2025-07-17 06:48:19.080912','admin',NULL),(39,_binary '','987 Industrial Area','Udyog Vihar','Gurgaon','Excellence Manufacturing','+91-7706294529','India','2025-07-17 06:48:19.080912','admin','Leading electronics company specializing in high-quality manufacturing solutions.','info@excellencemanufacturing.com','122016',NULL,'Haryana','2025-07-17 06:48:19.080912','admin',NULL),(40,_binary '','123 Industrial Park','Sector 15','Gurgaon','Prime Solutions Inc','+91-7661252296','India','2025-07-17 06:48:19.096507','admin','Leading food processing company specializing in high-quality manufacturing solutions.','info@primesolutionsinc.com','122001',NULL,'Haryana','2025-07-17 06:48:19.096507','admin',NULL),(41,_binary '','456 Tech Valley','Whitefield','Bangalore','Ultimate Engineering Co','+91-7224596131','India','2025-07-17 06:48:19.096507','admin','Leading pharmaceutical company specializing in high-quality manufacturing solutions.','info@ultimateengineeringco.com','560066',NULL,'Karnataka','2025-07-17 06:48:19.096507','admin',NULL);
/*!40000 ALTER TABLE `customers` ENABLE KEYS */;
UNLOCK TABLES;

--
-- Table structure for table `enquiries`
--

DROP TABLE IF EXISTS `enquiries`;
/*!40101 SET @saved_cs_client     = @@character_set_client */;
/*!50503 SET character_set_client = utf8mb4 */;
CREATE TABLE `enquiries` (
  `id` bigint NOT NULL AUTO_INCREMENT,
  `active` bit(1) NOT NULL,
  `created_at` datetime(6) NOT NULL,
  `created_by` varchar(50) DEFAULT NULL,
  `delivery_expected_date` datetime(6) DEFAULT NULL,
  `description` text,
  `enquiry_number` varchar(20) NOT NULL,
  `priority` varchar(255) NOT NULL,
  `quote_valid_until` datetime(6) DEFAULT NULL,
  `requirements` text,
  `status` varchar(255) NOT NULL,
  `tags` varchar(500) DEFAULT NULL,
  `total_amount` decimal(10,2) DEFAULT NULL,
  `updated_at` datetime(6) DEFAULT NULL,
  `updated_by` varchar(50) DEFAULT NULL,
  `customer_id` bigint NOT NULL,
  PRIMARY KEY (`id`),
  UNIQUE KEY `UK_s6b5yvplflq9dexihl3yf17i5` (`enquiry_number`),
  KEY `FK48mv4vra7llp6hr3bdkaa36tl` (`customer_id`),
  CONSTRAINT `FK48mv4vra7llp6hr3bdkaa36tl` FOREIGN KEY (`customer_id`) REFERENCES `customers` (`id`)
) ENGINE=InnoDB AUTO_INCREMENT=27 DEFAULT CHARSET=utf8mb4 COLLATE=utf8mb4_0900_ai_ci;
/*!40101 SET character_set_client = @saved_cs_client */;

--
-- Dumping data for table `enquiries`
--

LOCK TABLES `enquiries` WRITE;
/*!40000 ALTER TABLE `enquiries` DISABLE KEYS */;
INSERT INTO `enquiries` VALUES (1,_binary '','2025-07-15 09:26:17.746745','admin','2025-08-31 09:25:00.000000','','ENQ-20250715-0001','HIGH','2025-07-31 09:25:00.000000','IT should fit under the room','CONVERTED','Machine',50000.00,'2025-07-17 15:06:41.799560','admin',1),(2,_binary '','2025-07-17 15:22:00.237571','sales_manager','2025-08-13 15:22:00.221975','Enquiry for monitoring solution implementation','ENQ-202507-0001','HIGH','2025-07-26 15:22:00.221975','Customer requires safety compliance certification with delivery in 15 weeks','NEGOTIATING','simple,quick-delivery',NULL,'2025-07-17 15:22:00.237571','sales_manager',38),(3,_binary '','2025-07-17 15:22:00.284849','sales_manager','2025-10-09 15:22:00.284849','Enquiry for automation implementation','ENQ-202507-0002','URGENT','2025-06-13 15:22:00.284849','Customer requires high precision assembly with delivery in 8 weeks','CANCELLED','standard,regular',NULL,'2025-07-17 15:22:00.284849','sales_manager',17),(4,_binary '','2025-07-17 15:22:00.316110','sales_manager','2025-11-25 15:22:00.316110','Enquiry for safety system implementation','ENQ-202507-0003','LOW','2025-08-04 15:22:00.316110','Customer requires high precision assembly with delivery in 15 weeks','CONVERTED','urgent,high-value',NULL,'2025-07-17 15:24:31.663601','sales_manager',34),(5,_binary '','2025-07-17 15:22:00.347364','sales_manager','2025-08-01 15:22:00.347364','Enquiry for automation implementation','ENQ-202507-0004','URGENT','2025-07-23 15:22:00.347364','Customer requires remote monitoring features with delivery in 8 weeks','CONVERTED','standard,regular',NULL,'2025-07-17 15:25:56.832426','sales_manager',7),(6,_binary '','2025-07-17 15:22:00.373992','sales_manager','2025-07-22 15:22:00.373992','Enquiry for control system implementation','ENQ-202507-0005','LOW','2025-06-29 15:22:00.373992','Customer requires automated testing capability with delivery in 6 weeks','PENDING','simple,quick-delivery',NULL,'2025-07-17 15:22:00.373992','sales_manager',36),(7,_binary '','2025-07-17 15:22:00.397139','sales_manager','2025-09-23 15:22:00.397139','Enquiry for safety system implementation','ENQ-202507-0006','MEDIUM','2025-07-22 15:22:00.397139','Customer requires remote monitoring features with delivery in 5 weeks','CONVERTED','standard,regular',NULL,'2025-07-17 15:25:57.203726','sales_manager',15),(8,_binary '','2025-07-17 15:22:00.426336','sales_manager','2025-07-29 15:22:00.426336','Enquiry for automation implementation','ENQ-202507-0007','URGENT','2025-06-04 15:22:00.426336','Customer requires automated testing capability with delivery in 6 weeks','APPROVED','urgent,high-value',NULL,'2025-07-17 15:22:00.426336','sales_manager',33),(9,_binary '','2025-07-17 15:22:00.435809','sales_manager','2025-09-27 15:22:00.435809','Enquiry for monitoring solution implementation','ENQ-202507-0008','HIGH','2025-08-03 15:22:00.435809','Customer requires automated testing capability with delivery in 9 weeks','QUOTED','complex,technical',NULL,'2025-07-17 15:22:00.435809','sales_manager',2),(10,_binary '','2025-07-17 15:22:00.467938','sales_manager','2025-10-30 15:22:00.467938','Enquiry for automation implementation','ENQ-202507-0009','URGENT','2025-08-10 15:22:00.467938','Customer requires high precision assembly with delivery in 4 weeks','QUOTED','standard,regular',NULL,'2025-07-17 15:22:00.467938','sales_manager',3),(11,_binary '','2025-07-17 15:22:00.483948','sales_manager','2025-07-29 15:22:00.483948','Enquiry for safety system implementation','ENQ-202507-0010','LOW','2025-06-14 15:22:00.483948','Customer requires high precision assembly with delivery in 4 weeks','REJECTED','simple,quick-delivery',NULL,'2025-07-17 15:22:00.483948','sales_manager',31),(12,_binary '','2025-07-17 15:22:00.499579','sales_manager','2025-08-25 15:22:00.499579','Enquiry for control system implementation','ENQ-202507-0011','LOW','2025-06-29 15:22:00.499579','Customer requires automated testing capability with delivery in 11 weeks','CONVERTED','urgent,high-value',NULL,'2025-07-17 15:25:56.909070','sales_manager',9),(13,_binary '','2025-07-17 15:22:00.515964','sales_manager','2025-06-29 15:22:00.515964','Enquiry for automation implementation','ENQ-202507-0012','HIGH','2025-05-19 15:22:00.515964','Customer requires safety compliance certification with delivery in 6 weeks','QUOTED','complex,technical',NULL,'2025-07-17 15:22:00.515964','sales_manager',6),(14,_binary '','2025-07-17 15:22:00.531597','sales_manager','2025-08-22 15:22:00.531597','Enquiry for safety system implementation','ENQ-202507-0013','LOW','2025-06-01 15:22:00.531597','Customer requires remote monitoring features with delivery in 6 weeks','CONVERTED','complex,technical',NULL,'2025-07-17 15:22:00.531597','sales_manager',33),(15,_binary '','2025-07-17 15:22:00.547250','sales_manager','2025-09-14 15:22:00.547250','Enquiry for safety system implementation','ENQ-202507-0014','HIGH','2025-07-06 15:22:00.547250','Customer requires remote monitoring features with delivery in 13 weeks','APPROVED','standard,regular',NULL,'2025-07-17 15:22:00.547250','sales_manager',18),(16,_binary '','2025-07-17 15:22:00.562850','sales_manager','2025-07-20 15:22:00.562850','Enquiry for automation implementation','ENQ-202507-0015','HIGH','2025-05-31 15:22:00.562850','Customer requires high precision assembly with delivery in 8 weeks','QUOTED','complex,technical',NULL,'2025-07-17 15:22:00.562850','sales_manager',21),(17,_binary '','2025-07-17 15:22:00.578864','sales_manager','2025-10-25 15:22:00.578864','Enquiry for automation implementation','ENQ-202507-0016','MEDIUM','2025-08-02 15:22:00.578864','Customer requires safety compliance certification with delivery in 5 weeks','PENDING','simple,quick-delivery',NULL,'2025-07-17 15:22:00.578864','sales_manager',33),(18,_binary '','2025-07-17 15:22:00.594549','sales_manager','2025-07-31 15:22:00.594549','Enquiry for control system implementation','ENQ-202507-0017','MEDIUM','2025-06-04 15:22:00.594549','Customer requires automated testing capability with delivery in 7 weeks','REJECTED','urgent,high-value',NULL,'2025-07-17 15:22:00.594549','sales_manager',2),(19,_binary '','2025-07-17 15:22:00.625748','sales_manager','2025-09-15 15:22:00.625748','Enquiry for monitoring solution implementation','ENQ-202507-0018','HIGH','2025-07-04 15:22:00.625748','Customer requires safety compliance certification with delivery in 12 weeks','QUOTED','standard,regular',NULL,'2025-07-17 15:22:00.625748','sales_manager',19),(20,_binary '','2025-07-17 15:22:00.645737','sales_manager','2025-09-15 15:22:00.641403','Enquiry for control system implementation','ENQ-202507-0019','URGENT','2025-07-16 15:22:00.641403','Customer requires safety compliance certification with delivery in 10 weeks','CONVERTED','urgent,high-value',NULL,'2025-07-17 15:25:56.956379','sales_manager',36),(21,_binary '','2025-07-17 15:22:00.657393','sales_manager','2025-07-28 15:22:00.657393','Enquiry for monitoring solution implementation','ENQ-202507-0020','URGENT','2025-07-15 15:22:00.657393','Customer requires safety compliance certification with delivery in 14 weeks','CANCELLED','standard,regular',NULL,'2025-07-17 15:22:00.657393','sales_manager',34),(22,_binary '','2025-07-17 15:22:00.674106','sales_manager','2025-07-22 15:22:00.674106','Enquiry for automation implementation','ENQ-202507-0021','URGENT','2025-06-06 15:22:00.674106','Customer requires remote monitoring features with delivery in 9 weeks','CONVERTED','standard,regular',NULL,'2025-07-17 15:25:56.787611','sales_manager',7),(23,_binary '','2025-07-17 15:22:00.689140','sales_manager','2025-07-20 15:22:00.689140','Enquiry for control system implementation','ENQ-202507-0022','LOW','2025-06-11 15:22:00.689140','Customer requires remote monitoring features with delivery in 6 weeks','REJECTED','standard,regular',NULL,'2025-07-17 15:22:00.689140','sales_manager',10),(24,_binary '','2025-07-17 15:22:00.704816','sales_manager','2025-07-09 15:22:00.704816','Enquiry for monitoring solution implementation','ENQ-202507-0023','URGENT','2025-06-04 15:22:00.704816','Customer requires remote monitoring features with delivery in 15 weeks','REJECTED','urgent,high-value',NULL,'2025-07-17 15:22:00.704816','sales_manager',6),(25,_binary '','2025-07-17 15:22:00.720439','sales_manager','2025-06-23 15:22:00.720439','Enquiry for control system implementation','ENQ-202507-0024','HIGH','2025-06-08 15:22:00.720439','Customer requires high precision assembly with delivery in 15 weeks','QUOTED','complex,technical',NULL,'2025-07-17 15:22:00.720439','sales_manager',28),(26,_binary '','2025-07-17 15:22:00.745646','sales_manager','2025-08-31 15:22:00.745646','Enquiry for safety system implementation','ENQ-202507-0025','URGENT','2025-07-21 15:22:00.745646','Customer requires automated testing capability with delivery in 14 weeks','QUOTED','urgent,high-value',NULL,'2025-07-17 15:22:00.745646','sales_manager',3);
/*!40000 ALTER TABLE `enquiries` ENABLE KEYS */;
UNLOCK TABLES;

--
-- Table structure for table `enquiry_conversation_attachments`
--

DROP TABLE IF EXISTS `enquiry_conversation_attachments`;
/*!40101 SET @saved_cs_client     = @@character_set_client */;
/*!50503 SET character_set_client = utf8mb4 */;
CREATE TABLE `enquiry_conversation_attachments` (
  `id` bigint NOT NULL AUTO_INCREMENT,
  `content_type` varchar(100) DEFAULT NULL,
  `created_at` datetime(6) NOT NULL,
  `created_by` varchar(50) DEFAULT NULL,
  `file_path` varchar(500) NOT NULL,
  `file_size` bigint NOT NULL,
  `original_filename` varchar(255) NOT NULL,
  `stored_filename` varchar(255) NOT NULL,
  `conversation_id` bigint NOT NULL,
  PRIMARY KEY (`id`),
  KEY `FKoxwdniwsebn8p4w1nlp5a9o93` (`conversation_id`),
  CONSTRAINT `FKoxwdniwsebn8p4w1nlp5a9o93` FOREIGN KEY (`conversation_id`) REFERENCES `enquiry_conversations` (`id`)
) ENGINE=InnoDB AUTO_INCREMENT=2 DEFAULT CHARSET=utf8mb4 COLLATE=utf8mb4_0900_ai_ci;
/*!40101 SET character_set_client = @saved_cs_client */;

--
-- Dumping data for table `enquiry_conversation_attachments`
--

LOCK TABLES `enquiry_conversation_attachments` WRITE;
/*!40000 ALTER TABLE `enquiry_conversation_attachments` DISABLE KEYS */;
INSERT INTO `enquiry_conversation_attachments` VALUES (1,'image/png','2025-07-15 11:10:26.700207','admin','uploads/uploads/enquiry-attachments/1/2/20250715_164026_0055c88f_Chayyakart.png',128942,'Chayyakart.png','20250715_164026_0055c88f_Chayyakart.png',2);
/*!40000 ALTER TABLE `enquiry_conversation_attachments` ENABLE KEYS */;
UNLOCK TABLES;

--
-- Table structure for table `enquiry_conversations`
--

DROP TABLE IF EXISTS `enquiry_conversations`;
/*!40101 SET @saved_cs_client     = @@character_set_client */;
/*!50503 SET character_set_client = utf8mb4 */;
CREATE TABLE `enquiry_conversations` (
  `id` bigint NOT NULL AUTO_INCREMENT,
  `created_at` datetime(6) NOT NULL,
  `created_by` varchar(50) DEFAULT NULL,
  `direction` varchar(255) NOT NULL,
  `message` text NOT NULL,
  `message_type` varchar(255) NOT NULL,
  `sender_email` varchar(100) DEFAULT NULL,
  `sender_name` varchar(100) DEFAULT NULL,
  `enquiry_id` bigint NOT NULL,
  PRIMARY KEY (`id`),
  KEY `FK1xxki7t694bpsk0inh9nmexup` (`enquiry_id`),
  CONSTRAINT `FK1xxki7t694bpsk0inh9nmexup` FOREIGN KEY (`enquiry_id`) REFERENCES `enquiries` (`id`)
) ENGINE=InnoDB AUTO_INCREMENT=113 DEFAULT CHARSET=utf8mb4 COLLATE=utf8mb4_0900_ai_ci;
/*!40101 SET character_set_client = @saved_cs_client */;

--
-- Dumping data for table `enquiry_conversations`
--

LOCK TABLES `enquiry_conversations` WRITE;
/*!40000 ALTER TABLE `enquiry_conversations` DISABLE KEYS */;
INSERT INTO `enquiry_conversations` VALUES (1,'2025-07-15 09:26:56.071050','admin','OUTGOING','Shared Quote to customer','NOTE',NULL,'Dipak',1),(2,'2025-07-15 11:10:26.582596','admin','OUTGOING','Sending Drawings','QUOTE',NULL,'Dipak',1),(3,'2025-07-17 15:22:00.268828','sales_manager','INCOMING','Initial enquiry received and logged in system','REVISION',NULL,'Sales Team',2),(4,'2025-07-17 15:22:00.273838','sales_manager','OUTGOING','Customer requirements reviewed and technical feasibility assessed','CLARIFICATION',NULL,'Customer Representative',2),(5,'2025-07-17 15:22:00.273838','sales_manager','INTERNAL','Preliminary quote prepared and sent for review','QUOTE',NULL,'Customer Representative',2),(6,'2025-07-17 15:22:00.284849','sales_manager','INCOMING','Customer requested minor modifications to specifications','REMINDER',NULL,'Sales Team',2),(7,'2025-07-17 15:22:00.300484','sales_manager','OUTGOING','Customer requirements reviewed and technical feasibility assessed','REVISION',NULL,'Sales Team',3),(8,'2025-07-17 15:22:00.300484','sales_manager','INCOMING','Preliminary quote prepared and sent for review','FOLLOW_UP',NULL,'Customer Representative',3),(9,'2025-07-17 15:22:00.300484','sales_manager','INCOMING','Preliminary quote prepared and sent for review','CLARIFICATION',NULL,'Customer Representative',3),(10,'2025-07-17 15:22:00.300484','sales_manager','INCOMING','Customer requested minor modifications to specifications','NOTE',NULL,'Sales Team',3),(11,'2025-07-17 15:22:00.331764','sales_manager','OUTGOING','Preliminary quote prepared and sent for review','NOTE',NULL,'Customer Representative',4),(12,'2025-07-17 15:22:00.331764','sales_manager','INTERNAL','Customer requirements reviewed and technical feasibility assessed','QUOTE',NULL,'Sales Team',4),(13,'2025-07-17 15:22:00.331764','sales_manager','INCOMING','Final quote approved and sent to customer','CLARIFICATION',NULL,'Sales Team',4),(14,'2025-07-17 15:22:00.347364','sales_manager','OUTGOING','Revised proposal prepared based on customer inputs','QUOTE',NULL,'Customer Representative',4),(15,'2025-07-17 15:22:00.347364','sales_manager','OUTGOING','Initial enquiry received and logged in system','FOLLOW_UP',NULL,'Sales Team',4),(16,'2025-07-17 15:22:00.362986','sales_manager','OUTGOING','Preliminary quote prepared and sent for review','NOTE',NULL,'Sales Team',5),(17,'2025-07-17 15:22:00.362986','sales_manager','INCOMING','Commercial terms discussed and negotiated','FOLLOW_UP',NULL,'Sales Team',5),(18,'2025-07-17 15:22:00.373992','sales_manager','OUTGOING','Customer requested minor modifications to specifications','FOLLOW_UP',NULL,'Customer Representative',5),(19,'2025-07-17 15:22:00.379790','sales_manager','INCOMING','Customer requirements reviewed and technical feasibility assessed','QUOTE',NULL,'Sales Team',6),(20,'2025-07-17 15:22:00.394796','sales_manager','INCOMING','Technical clarifications provided to customer','FOLLOW_UP',NULL,'Customer Representative',6),(21,'2025-07-17 15:22:00.397139','sales_manager','INTERNAL','Customer requested minor modifications to specifications','QUOTE',NULL,'Customer Representative',6),(22,'2025-07-17 15:22:00.397139','sales_manager','INCOMING','Technical clarifications provided to customer','REVISION',NULL,'Customer Representative',6),(23,'2025-07-17 15:22:00.397139','sales_manager','INTERNAL','Customer requested minor modifications to specifications','FOLLOW_UP',NULL,'Customer Representative',6),(24,'2025-07-17 15:22:00.397139','sales_manager','OUTGOING','Customer requested minor modifications to specifications','NOTE',NULL,'Customer Representative',6),(25,'2025-07-17 15:22:00.397139','sales_manager','OUTGOING','Commercial terms discussed and negotiated','CLARIFICATION',NULL,'Sales Team',6),(26,'2025-07-17 15:22:00.410667','sales_manager','INTERNAL','Customer feedback received on technical specifications','REMINDER',NULL,'Sales Team',7),(27,'2025-07-17 15:22:00.410667','sales_manager','INCOMING','Customer requirements reviewed and technical feasibility assessed','FOLLOW_UP',NULL,'Customer Representative',7),(28,'2025-07-17 15:22:00.410667','sales_manager','INTERNAL','Revised proposal prepared based on customer inputs','FOLLOW_UP',NULL,'Customer Representative',7),(29,'2025-07-17 15:22:00.410667','sales_manager','INTERNAL','Delivery timeline confirmed with production team','REMINDER',NULL,'Customer Representative',7),(30,'2025-07-17 15:22:00.435809','sales_manager','OUTGOING','Customer requirements reviewed and technical feasibility assessed','NOTE',NULL,'Customer Representative',8),(31,'2025-07-17 15:22:00.435809','sales_manager','INTERNAL','Initial enquiry received and logged in system','FOLLOW_UP',NULL,'Sales Team',8),(32,'2025-07-17 15:22:00.435809','sales_manager','INTERNAL','Preliminary quote prepared and sent for review','FOLLOW_UP',NULL,'Customer Representative',8),(33,'2025-07-17 15:22:00.435809','sales_manager','INTERNAL','Technical clarifications provided to customer','CLARIFICATION',NULL,'Sales Team',8),(34,'2025-07-17 15:22:00.452312','sales_manager','INCOMING','Commercial terms discussed and negotiated','QUOTE',NULL,'Sales Team',9),(35,'2025-07-17 15:22:00.452312','sales_manager','INCOMING','Customer requirements reviewed and technical feasibility assessed','QUOTE',NULL,'Customer Representative',9),(36,'2025-07-17 15:22:00.452312','sales_manager','OUTGOING','Customer requested minor modifications to specifications','CLARIFICATION',NULL,'Sales Team',9),(37,'2025-07-17 15:22:00.452312','sales_manager','OUTGOING','Commercial terms discussed and negotiated','QUOTE',NULL,'Customer Representative',9),(38,'2025-07-17 15:22:00.467938','sales_manager','INTERNAL','Customer feedback received on technical specifications','REMINDER',NULL,'Customer Representative',9),(39,'2025-07-17 15:22:00.473943','sales_manager','OUTGOING','Customer requested minor modifications to specifications','QUOTE',NULL,'Customer Representative',10),(40,'2025-07-17 15:22:00.473943','sales_manager','INCOMING','Revised proposal prepared based on customer inputs','FOLLOW_UP',NULL,'Sales Team',10),(41,'2025-07-17 15:22:00.473943','sales_manager','INCOMING','Commercial terms discussed and negotiated','FOLLOW_UP',NULL,'Sales Team',10),(42,'2025-07-17 15:22:00.483948','sales_manager','INCOMING','Customer requirements reviewed and technical feasibility assessed','CLARIFICATION',NULL,'Customer Representative',10),(43,'2025-07-17 15:22:00.483948','sales_manager','INTERNAL','Final quote approved and sent to customer','QUOTE',NULL,'Customer Representative',10),(44,'2025-07-17 15:22:00.483948','sales_manager','OUTGOING','Customer requested minor modifications to specifications','QUOTE',NULL,'Customer Representative',10),(45,'2025-07-17 15:22:00.499579','sales_manager','INCOMING','Preliminary quote prepared and sent for review','FOLLOW_UP',NULL,'Sales Team',11),(46,'2025-07-17 15:22:00.499579','sales_manager','INTERNAL','Initial enquiry received and logged in system','FOLLOW_UP',NULL,'Sales Team',11),(47,'2025-07-17 15:22:00.499579','sales_manager','INCOMING','Commercial terms discussed and negotiated','REMINDER',NULL,'Sales Team',11),(48,'2025-07-17 15:22:00.499579','sales_manager','OUTGOING','Technical clarifications provided to customer','REVISION',NULL,'Sales Team',11),(49,'2025-07-17 15:22:00.499579','sales_manager','INTERNAL','Commercial terms discussed and negotiated','NOTE',NULL,'Sales Team',11),(50,'2025-07-17 15:22:00.515964','sales_manager','INTERNAL','Delivery timeline confirmed with production team','CLARIFICATION',NULL,'Sales Team',12),(51,'2025-07-17 15:22:00.515964','sales_manager','OUTGOING','Commercial terms discussed and negotiated','NOTE',NULL,'Customer Representative',12),(52,'2025-07-17 15:22:00.515964','sales_manager','INTERNAL','Customer feedback received on technical specifications','QUOTE',NULL,'Sales Team',12),(53,'2025-07-17 15:22:00.515964','sales_manager','INTERNAL','Customer feedback received on technical specifications','REVISION',NULL,'Sales Team',13),(54,'2025-07-17 15:22:00.531597','sales_manager','INTERNAL','Commercial terms discussed and negotiated','REVISION',NULL,'Customer Representative',13),(55,'2025-07-17 15:22:00.531597','sales_manager','INTERNAL','Final quote approved and sent to customer','REMINDER',NULL,'Sales Team',13),(56,'2025-07-17 15:22:00.531597','sales_manager','INCOMING','Customer requested minor modifications to specifications','FOLLOW_UP',NULL,'Sales Team',14),(57,'2025-07-17 15:22:00.531597','sales_manager','OUTGOING','Delivery timeline confirmed with production team','NOTE',NULL,'Customer Representative',14),(58,'2025-07-17 15:22:00.547250','sales_manager','OUTGOING','Revised proposal prepared based on customer inputs','NOTE',NULL,'Sales Team',14),(59,'2025-07-17 15:22:00.547250','sales_manager','OUTGOING','Final quote approved and sent to customer','FOLLOW_UP',NULL,'Customer Representative',14),(60,'2025-07-17 15:22:00.547250','sales_manager','INTERNAL','Customer requirements reviewed and technical feasibility assessed','QUOTE',NULL,'Customer Representative',14),(61,'2025-07-17 15:22:00.562850','sales_manager','INCOMING','Customer feedback received on technical specifications','FOLLOW_UP',NULL,'Customer Representative',15),(62,'2025-07-17 15:22:00.562850','sales_manager','OUTGOING','Preliminary quote prepared and sent for review','REVISION',NULL,'Customer Representative',15),(63,'2025-07-17 15:22:00.562850','sales_manager','OUTGOING','Initial enquiry received and logged in system','QUOTE',NULL,'Customer Representative',15),(64,'2025-07-17 15:22:00.578864','sales_manager','INTERNAL','Customer feedback received on technical specifications','CLARIFICATION',NULL,'Sales Team',16),(65,'2025-07-17 15:22:00.578864','sales_manager','INTERNAL','Commercial terms discussed and negotiated','CLARIFICATION',NULL,'Sales Team',16),(66,'2025-07-17 15:22:00.578864','sales_manager','INCOMING','Customer requested minor modifications to specifications','NOTE',NULL,'Sales Team',16),(67,'2025-07-17 15:22:00.578864','sales_manager','INCOMING','Initial enquiry received and logged in system','NOTE',NULL,'Customer Representative',16),(68,'2025-07-17 15:22:00.578864','sales_manager','INCOMING','Delivery timeline confirmed with production team','FOLLOW_UP',NULL,'Customer Representative',16),(69,'2025-07-17 15:22:00.594549','sales_manager','OUTGOING','Customer feedback received on technical specifications','CLARIFICATION',NULL,'Sales Team',17),(70,'2025-07-17 15:22:00.594549','sales_manager','INTERNAL','Customer feedback received on technical specifications','REMINDER',NULL,'Sales Team',17),(71,'2025-07-17 15:22:00.594549','sales_manager','INTERNAL','Customer requested minor modifications to specifications','REMINDER',NULL,'Sales Team',17),(72,'2025-07-17 15:22:00.610245','sales_manager','INCOMING','Customer requirements reviewed and technical feasibility assessed','REMINDER',NULL,'Customer Representative',18),(73,'2025-07-17 15:22:00.610245','sales_manager','INTERNAL','Technical clarifications provided to customer','REMINDER',NULL,'Customer Representative',18),(74,'2025-07-17 15:22:00.610245','sales_manager','OUTGOING','Delivery timeline confirmed with production team','NOTE',NULL,'Sales Team',18),(75,'2025-07-17 15:22:00.610245','sales_manager','INTERNAL','Commercial terms discussed and negotiated','FOLLOW_UP',NULL,'Customer Representative',18),(76,'2025-07-17 15:22:00.610245','sales_manager','OUTGOING','Customer feedback received on technical specifications','QUOTE',NULL,'Sales Team',18),(77,'2025-07-17 15:22:00.625748','sales_manager','INCOMING','Preliminary quote prepared and sent for review','NOTE',NULL,'Sales Team',19),(78,'2025-07-17 15:22:00.625748','sales_manager','INCOMING','Technical clarifications provided to customer','REVISION',NULL,'Customer Representative',19),(79,'2025-07-17 15:22:00.625748','sales_manager','INCOMING','Technical clarifications provided to customer','REVISION',NULL,'Sales Team',19),(80,'2025-07-17 15:22:00.641403','sales_manager','OUTGOING','Customer requested minor modifications to specifications','REVISION',NULL,'Customer Representative',19),(81,'2025-07-17 15:22:00.652859','sales_manager','OUTGOING','Preliminary quote prepared and sent for review','QUOTE',NULL,'Sales Team',20),(82,'2025-07-17 15:22:00.652859','sales_manager','INCOMING','Technical clarifications provided to customer','REMINDER',NULL,'Sales Team',20),(83,'2025-07-17 15:22:00.657393','sales_manager','INTERNAL','Initial enquiry received and logged in system','FOLLOW_UP',NULL,'Sales Team',20),(84,'2025-07-17 15:22:00.657393','sales_manager','INCOMING','Customer requirements reviewed and technical feasibility assessed','QUOTE',NULL,'Sales Team',20),(85,'2025-07-17 15:22:00.657393','sales_manager','INTERNAL','Customer requirements reviewed and technical feasibility assessed','QUOTE',NULL,'Sales Team',21),(86,'2025-07-17 15:22:00.657393','sales_manager','OUTGOING','Final quote approved and sent to customer','REMINDER',NULL,'Sales Team',21),(87,'2025-07-17 15:22:00.674106','sales_manager','OUTGOING','Initial enquiry received and logged in system','QUOTE',NULL,'Sales Team',21),(88,'2025-07-17 15:22:00.674106','sales_manager','INCOMING','Customer requirements reviewed and technical feasibility assessed','FOLLOW_UP',NULL,'Sales Team',21),(89,'2025-07-17 15:22:00.674106','sales_manager','INCOMING','Customer requested minor modifications to specifications','CLARIFICATION',NULL,'Sales Team',22),(90,'2025-07-17 15:22:00.674106','sales_manager','OUTGOING','Customer feedback received on technical specifications','QUOTE',NULL,'Sales Team',22),(91,'2025-07-17 15:22:00.674106','sales_manager','INTERNAL','Revised proposal prepared based on customer inputs','FOLLOW_UP',NULL,'Customer Representative',22),(92,'2025-07-17 15:22:00.689140','sales_manager','OUTGOING','Preliminary quote prepared and sent for review','QUOTE',NULL,'Customer Representative',22),(93,'2025-07-17 15:22:00.689140','sales_manager','INTERNAL','Initial enquiry received and logged in system','CLARIFICATION',NULL,'Sales Team',22),(94,'2025-07-17 15:22:00.689140','sales_manager','OUTGOING','Initial enquiry received and logged in system','REVISION',NULL,'Sales Team',22),(95,'2025-07-17 15:22:00.704816','sales_manager','INTERNAL','Commercial terms discussed and negotiated','NOTE',NULL,'Customer Representative',23),(96,'2025-07-17 15:22:00.704816','sales_manager','OUTGOING','Revised proposal prepared based on customer inputs','FOLLOW_UP',NULL,'Customer Representative',23),(97,'2025-07-17 15:22:00.704816','sales_manager','OUTGOING','Final quote approved and sent to customer','FOLLOW_UP',NULL,'Customer Representative',23),(98,'2025-07-17 15:22:00.704816','sales_manager','INTERNAL','Customer feedback received on technical specifications','QUOTE',NULL,'Sales Team',24),(99,'2025-07-17 15:22:00.704816','sales_manager','OUTGOING','Customer requirements reviewed and technical feasibility assessed','NOTE',NULL,'Sales Team',24),(100,'2025-07-17 15:22:00.704816','sales_manager','OUTGOING','Preliminary quote prepared and sent for review','FOLLOW_UP',NULL,'Customer Representative',24),(101,'2025-07-17 15:22:00.720439','sales_manager','INCOMING','Final quote approved and sent to customer','NOTE',NULL,'Sales Team',24),(102,'2025-07-17 15:22:00.720439','sales_manager','INTERNAL','Technical clarifications provided to customer','REVISION',NULL,'Customer Representative',24),(103,'2025-07-17 15:22:00.720439','sales_manager','INTERNAL','Customer feedback received on technical specifications','QUOTE',NULL,'Customer Representative',25),(104,'2025-07-17 15:22:00.736062','sales_manager','OUTGOING','Final quote approved and sent to customer','REMINDER',NULL,'Customer Representative',25),(105,'2025-07-17 15:22:00.736062','sales_manager','INCOMING','Customer requirements reviewed and technical feasibility assessed','CLARIFICATION',NULL,'Sales Team',25),(106,'2025-07-17 15:22:00.736062','sales_manager','INTERNAL','Customer requested minor modifications to specifications','QUOTE',NULL,'Sales Team',25),(107,'2025-07-17 15:22:00.736062','sales_manager','OUTGOING','Final quote approved and sent to customer','CLARIFICATION',NULL,'Sales Team',25),(108,'2025-07-17 15:22:00.745646','sales_manager','INTERNAL','Customer requested minor modifications to specifications','REVISION',NULL,'Sales Team',26),(109,'2025-07-17 15:22:00.745646','sales_manager','INTERNAL','Customer requirements reviewed and technical feasibility assessed','REVISION',NULL,'Sales Team',26),(110,'2025-07-17 15:22:00.761297','sales_manager','INTERNAL','Commercial terms discussed and negotiated','FOLLOW_UP',NULL,'Sales Team',26),(111,'2025-07-17 15:22:00.777367','sales_manager','INTERNAL','Customer requirements reviewed and technical feasibility assessed','CLARIFICATION',NULL,'Sales Team',26),(112,'2025-07-17 15:22:00.777367','sales_manager','INTERNAL','Revised proposal prepared based on customer inputs','CLARIFICATION',NULL,'Sales Team',26);
/*!40000 ALTER TABLE `enquiry_conversations` ENABLE KEYS */;
UNLOCK TABLES;

--
-- Table structure for table `enquiry_items`
--

DROP TABLE IF EXISTS `enquiry_items`;
/*!40101 SET @saved_cs_client     = @@character_set_client */;
/*!50503 SET character_set_client = utf8mb4 */;
CREATE TABLE `enquiry_items` (
  `id` bigint NOT NULL AUTO_INCREMENT,
  `created_at` datetime(6) NOT NULL,
  `created_by` varchar(50) DEFAULT NULL,
  `quantity` int NOT NULL,
  `remarks` text,
  `specifications` text,
  `total_amount` decimal(10,2) DEFAULT NULL,
  `unit_price` decimal(10,2) DEFAULT NULL,
  `updated_at` datetime(6) DEFAULT NULL,
  `updated_by` varchar(50) DEFAULT NULL,
  `enquiry_id` bigint NOT NULL,
  `product_id` bigint NOT NULL,
  PRIMARY KEY (`id`),
  KEY `FKr5emk4ubxgnbhrmj88grb9l7n` (`enquiry_id`),
  KEY `FK5savekd1mmgydtwiao89qs3ts` (`product_id`),
  CONSTRAINT `FK5savekd1mmgydtwiao89qs3ts` FOREIGN KEY (`product_id`) REFERENCES `products` (`id`),
  CONSTRAINT `FKr5emk4ubxgnbhrmj88grb9l7n` FOREIGN KEY (`enquiry_id`) REFERENCES `enquiries` (`id`)
) ENGINE=InnoDB AUTO_INCREMENT=55 DEFAULT CHARSET=utf8mb4 COLLATE=utf8mb4_0900_ai_ci;
/*!40101 SET character_set_client = @saved_cs_client */;

--
-- Dumping data for table `enquiry_items`
--

LOCK TABLES `enquiry_items` WRITE;
/*!40000 ALTER TABLE `enquiry_items` DISABLE KEYS */;
INSERT INTO `enquiry_items` VALUES (1,'2025-07-15 09:52:18.265115','admin',1,'','',25000.00,25000.00,'2025-07-15 09:52:18.265115',NULL,1,3),(2,'2025-07-15 09:52:30.919890','admin',2,'','',20000.00,10000.00,'2025-07-15 09:52:30.919890',NULL,1,5),(3,'2025-07-17 15:22:00.253198','sales_manager',7,'Special requirements noted during initial discussion','Custom specifications for Quality Control System',214131.75,30590.25,'2025-07-17 15:22:00.253198','sales_manager',2,14),(4,'2025-07-17 15:22:00.284849','sales_manager',6,'Special requirements noted during initial discussion','Custom specifications for Precision CNC Vertical Milling Machine',282903.12,47150.52,'2025-07-17 15:22:00.284849','sales_manager',3,2),(5,'2025-07-17 15:22:00.316110','sales_manager',9,'Special requirements noted during initial discussion','Custom specifications for Testing & Measurement Device',508984.29,56553.81,'2025-07-17 15:22:00.316110','sales_manager',4,16),(6,'2025-07-17 15:22:00.316110','sales_manager',10,'Special requirements noted during initial discussion','Custom specifications for Centrifugal Pump System',590271.10,59027.11,'2025-07-17 15:22:00.316110','sales_manager',4,10),(7,'2025-07-17 15:22:00.331764','sales_manager',7,'Special requirements noted during initial discussion','Custom specifications for Conveyor Control Panel',186574.78,26653.54,'2025-07-17 15:22:00.331764','sales_manager',4,22),(8,'2025-07-17 15:22:00.347364','sales_manager',5,'Special requirements noted during initial discussion','Custom specifications for Centrifugal Pump System',173210.90,34642.18,'2025-07-17 15:22:00.347364','sales_manager',5,10),(9,'2025-07-17 15:22:00.347364','sales_manager',5,'Special requirements noted during initial discussion','Custom specifications for Precision CNC Vertical Milling Machine',52286.70,10457.34,'2025-07-17 15:22:00.347364','sales_manager',5,2),(10,'2025-07-17 15:22:00.362986','sales_manager',2,'Special requirements noted during initial discussion','Custom specifications for Flow Measurement System',112712.28,56356.14,'2025-07-17 15:22:00.362986','sales_manager',5,29),(11,'2025-07-17 15:22:00.379790','sales_manager',9,'Special requirements noted during initial discussion','Custom specifications for Environmental Monitoring Unit',378256.95,42028.55,'2025-07-17 15:22:00.379790','sales_manager',6,23),(12,'2025-07-17 15:22:00.379790','sales_manager',9,'Special requirements noted during initial discussion','Custom specifications for Temperature Control System',229350.33,25483.37,'2025-07-17 15:22:00.379790','sales_manager',6,27),(13,'2025-07-17 15:22:00.379790','sales_manager',7,'Special requirements noted during initial discussion','Custom specifications for Manufacturing Execution System',349353.34,49907.62,'2025-07-17 15:22:00.379790','sales_manager',6,17),(14,'2025-07-17 15:22:00.410667','sales_manager',9,'Special requirements noted during initial discussion','Custom specifications for Vibration Analysis Equipment',110595.96,12288.44,'2025-07-17 15:22:00.410667','sales_manager',7,30),(15,'2025-07-17 15:22:00.410667','sales_manager',1,'Special requirements noted during initial discussion','Custom specifications for Manufacturing Execution System',56486.33,56486.33,'2025-07-17 15:22:00.410667','sales_manager',7,17),(16,'2025-07-17 15:22:00.426336','sales_manager',10,'Special requirements noted during initial discussion','Custom specifications for Heavy Duty Conveyor Belt System',111833.20,11183.32,'2025-07-17 15:22:00.426336','sales_manager',8,1),(17,'2025-07-17 15:22:00.426336','sales_manager',8,'Special requirements noted during initial discussion','Custom specifications for Automatic Packaging Machine',260433.84,32554.23,'2025-07-17 15:22:00.426336','sales_manager',8,9),(18,'2025-07-17 15:22:00.452312','sales_manager',1,'Special requirements noted during initial discussion','Custom specifications for Automatic Packaging Machine',48353.83,48353.83,'2025-07-17 15:22:00.452312','sales_manager',9,9),(19,'2025-07-17 15:22:00.473943','sales_manager',7,'Special requirements noted during initial discussion','Custom specifications for Industrial Automation Controller',72877.91,10411.13,'2025-07-17 15:22:00.473943','sales_manager',10,11),(20,'2025-07-17 15:22:00.483948','sales_manager',3,'Special requirements noted during initial discussion','Custom specifications for Rotary Screw Air Compressor',131452.83,43817.61,'2025-07-17 15:22:00.483948','sales_manager',11,4),(21,'2025-07-17 15:22:00.483948','sales_manager',5,'Special requirements noted during initial discussion','Custom specifications for Flow Measurement System',239594.00,47918.80,'2025-07-17 15:22:00.483948','sales_manager',11,29),(22,'2025-07-17 15:22:00.483948','sales_manager',4,'Special requirements noted during initial discussion','Custom specifications for Bridge Overhead Crane',203876.40,50969.10,'2025-07-17 15:22:00.483948','sales_manager',11,6),(23,'2025-07-17 15:22:00.499579','sales_manager',2,'Special requirements noted during initial discussion','Custom specifications for Robotic Assembly Unit',35376.70,17688.35,'2025-07-17 15:22:00.499579','sales_manager',12,13),(24,'2025-07-17 15:22:00.515964','sales_manager',10,'Special requirements noted during initial discussion','Custom specifications for Industrial Automation Controller',370496.70,37049.67,'2025-07-17 15:22:00.515964','sales_manager',12,11),(25,'2025-07-17 15:22:00.515964','sales_manager',1,'Special requirements noted during initial discussion','Custom specifications for Vibration Analysis Equipment',22360.70,22360.70,'2025-07-17 15:22:00.515964','sales_manager',13,30),(26,'2025-07-17 15:22:00.531597','sales_manager',10,'Special requirements noted during initial discussion','Custom specifications for Testing & Measurement Device',475808.10,47580.81,'2025-07-17 15:22:00.531597','sales_manager',14,16),(27,'2025-07-17 15:22:00.547250','sales_manager',3,'Special requirements noted during initial discussion','Custom specifications for Precision CNC Vertical Milling Machine',171527.52,57175.84,'2025-07-17 15:22:00.547250','sales_manager',15,2),(28,'2025-07-17 15:22:00.547250','sales_manager',10,'Special requirements noted during initial discussion','Custom specifications for SCADA Integration Module',313998.20,31399.82,'2025-07-17 15:22:00.547250','sales_manager',15,26),(29,'2025-07-17 15:22:00.547250','sales_manager',10,'Special requirements noted during initial discussion','Custom specifications for Temperature Control System',419127.40,41912.74,'2025-07-17 15:22:00.547250','sales_manager',15,27),(30,'2025-07-17 15:22:00.573856','sales_manager',6,'Special requirements noted during initial discussion','Custom specifications for Data Acquisition Module',121860.00,20310.00,'2025-07-17 15:22:00.573856','sales_manager',16,20),(31,'2025-07-17 15:22:00.573856','sales_manager',8,'Special requirements noted during initial discussion','Custom specifications for Pressure Monitoring Device',275270.88,34408.86,'2025-07-17 15:22:00.573856','sales_manager',16,28),(32,'2025-07-17 15:22:00.578864','sales_manager',9,'Special requirements noted during initial discussion','Custom specifications for Safety Monitoring System',507832.74,56425.86,'2025-07-17 15:22:00.578864','sales_manager',16,19),(33,'2025-07-17 15:22:00.594549','sales_manager',10,'Special requirements noted during initial discussion','Custom specifications for Manufacturing Execution System',560416.60,56041.66,'2025-07-17 15:22:00.594549','sales_manager',17,17),(34,'2025-07-17 15:22:00.594549','sales_manager',8,'Special requirements noted during initial discussion','Custom specifications for Conveyor Control Panel',281384.32,35173.04,'2025-07-17 15:22:00.594549','sales_manager',17,22),(35,'2025-07-17 15:22:00.594549','sales_manager',1,'Special requirements noted during initial discussion','Custom specifications for Flow Measurement System',23150.29,23150.29,'2025-07-17 15:22:00.594549','sales_manager',18,29),(36,'2025-07-17 15:22:00.610245','sales_manager',10,'Special requirements noted during initial discussion','Custom specifications for Industrial Hydraulic Press',139496.40,13949.64,'2025-07-17 15:22:00.610245','sales_manager',18,3),(37,'2025-07-17 15:22:00.610245','sales_manager',4,'Special requirements noted during initial discussion','Custom specifications for Motor Control Center',41294.48,10323.62,'2025-07-17 15:22:00.610245','sales_manager',18,25),(38,'2025-07-17 15:22:00.625748','sales_manager',6,'Special requirements noted during initial discussion','Custom specifications for Motor Control Center',177679.02,29613.17,'2025-07-17 15:22:00.625748','sales_manager',19,25),(39,'2025-07-17 15:22:00.625748','sales_manager',8,'Special requirements noted during initial discussion','Custom specifications for Centrifugal Pump System',332465.12,41558.14,'2025-07-17 15:22:00.625748','sales_manager',19,10),(40,'2025-07-17 15:22:00.625748','sales_manager',5,'Special requirements noted during initial discussion','Custom specifications for Temperature Control System',154668.85,30933.77,'2025-07-17 15:22:00.625748','sales_manager',19,27),(41,'2025-07-17 15:22:00.645737','sales_manager',7,'Special requirements noted during initial discussion','Custom specifications for Flow Measurement System',173742.66,24820.38,'2025-07-17 15:22:00.645737','sales_manager',20,29),(42,'2025-07-17 15:22:00.645737','sales_manager',3,'Special requirements noted during initial discussion','Custom specifications for 6-Axis Welding Robot System',126166.08,42055.36,'2025-07-17 15:22:00.645737','sales_manager',20,5),(43,'2025-07-17 15:22:00.657393','sales_manager',10,'Special requirements noted during initial discussion','Custom specifications for Electric Heat Treatment Furnace',462248.70,46224.87,'2025-07-17 15:22:00.657393','sales_manager',21,8),(44,'2025-07-17 15:22:00.657393','sales_manager',10,'Special requirements noted during initial discussion','Custom specifications for Industrial Hydraulic Press',589196.20,58919.62,'2025-07-17 15:22:00.657393','sales_manager',21,3),(45,'2025-07-17 15:22:00.657393','sales_manager',7,'Special requirements noted during initial discussion','Custom specifications for 6-Axis Welding Robot System',329953.12,47136.16,'2025-07-17 15:22:00.657393','sales_manager',21,5),(46,'2025-07-17 15:22:00.674106','sales_manager',2,'Special requirements noted during initial discussion','Custom specifications for Industrial Automation Controller',117115.42,58557.71,'2025-07-17 15:22:00.674106','sales_manager',22,11),(47,'2025-07-17 15:22:00.689140','sales_manager',6,'Special requirements noted during initial discussion','Custom specifications for Heavy Duty Conveyor Belt System',324870.18,54145.03,'2025-07-17 15:22:00.689140','sales_manager',23,1),(48,'2025-07-17 15:22:00.689140','sales_manager',1,'Special requirements noted during initial discussion','Custom specifications for Temperature Control System',44611.82,44611.82,'2025-07-17 15:22:00.689140','sales_manager',23,27),(49,'2025-07-17 15:22:00.689140','sales_manager',8,'Special requirements noted during initial discussion','Custom specifications for Heavy Duty Conveyor Belt System',111813.60,13976.70,'2025-07-17 15:22:00.689140','sales_manager',23,1),(50,'2025-07-17 15:22:00.704816','sales_manager',9,'Special requirements noted during initial discussion','Custom specifications for Testing & Measurement Device',377085.33,41898.37,'2025-07-17 15:22:00.704816','sales_manager',24,16),(51,'2025-07-17 15:22:00.720439','sales_manager',10,'Special requirements noted during initial discussion','Custom specifications for Electric Heat Treatment Furnace',396636.40,39663.64,'2025-07-17 15:22:00.720439','sales_manager',25,8),(52,'2025-07-17 15:22:00.720439','sales_manager',6,'Special requirements noted during initial discussion','Custom specifications for Vibration Analysis Equipment',103339.56,17223.26,'2025-07-17 15:22:00.720439','sales_manager',25,30),(53,'2025-07-17 15:22:00.720439','sales_manager',6,'Special requirements noted during initial discussion','Custom specifications for Industrial Hydraulic Press',347394.84,57899.14,'2025-07-17 15:22:00.720439','sales_manager',25,3),(54,'2025-07-17 15:22:00.745646','sales_manager',4,'Special requirements noted during initial discussion','Custom specifications for Pressure Monitoring Device',49023.36,12255.84,'2025-07-17 15:22:00.745646','sales_manager',26,28);
/*!40000 ALTER TABLE `enquiry_items` ENABLE KEYS */;
UNLOCK TABLES;

--
-- Table structure for table `order_documents`
--

DROP TABLE IF EXISTS `order_documents`;
/*!40101 SET @saved_cs_client     = @@character_set_client */;
/*!50503 SET character_set_client = utf8mb4 */;
CREATE TABLE `order_documents` (
  `id` bigint NOT NULL AUTO_INCREMENT,
  `content_type` varchar(100) DEFAULT NULL,
  `created_at` datetime(6) NOT NULL,
  `description` text,
  `document_name` varchar(200) NOT NULL,
  `document_type` varchar(255) NOT NULL,
  `file_path` varchar(500) NOT NULL,
  `file_size` bigint DEFAULT NULL,
  `original_filename` varchar(200) NOT NULL,
  `updated_at` datetime(6) DEFAULT NULL,
  `uploaded_by` varchar(50) DEFAULT NULL,
  `order_id` bigint NOT NULL,
  PRIMARY KEY (`id`),
  KEY `FKqdrmgrqrq4sb1vy1niuypbeti` (`order_id`),
  CONSTRAINT `FKqdrmgrqrq4sb1vy1niuypbeti` FOREIGN KEY (`order_id`) REFERENCES `orders` (`id`)
) ENGINE=InnoDB DEFAULT CHARSET=utf8mb4 COLLATE=utf8mb4_0900_ai_ci;
/*!40101 SET character_set_client = @saved_cs_client */;

--
-- Dumping data for table `order_documents`
--

LOCK TABLES `order_documents` WRITE;
/*!40000 ALTER TABLE `order_documents` DISABLE KEYS */;
/*!40000 ALTER TABLE `order_documents` ENABLE KEYS */;
UNLOCK TABLES;

--
-- Table structure for table `order_items`
--

DROP TABLE IF EXISTS `order_items`;
/*!40101 SET @saved_cs_client     = @@character_set_client */;
/*!50503 SET character_set_client = utf8mb4 */;
CREATE TABLE `order_items` (
  `id` bigint NOT NULL AUTO_INCREMENT,
  `created_at` datetime(6) NOT NULL,
  `notes` text,
  `quantity` int NOT NULL,
  `specifications` text,
  `total_price` decimal(15,2) DEFAULT NULL,
  `unit_price` decimal(15,2) DEFAULT NULL,
  `updated_at` datetime(6) DEFAULT NULL,
  `order_id` bigint NOT NULL,
  `product_id` bigint NOT NULL,
  PRIMARY KEY (`id`),
  KEY `FKbioxgbv59vetrxe0ejfubep1w` (`order_id`),
  KEY `FKocimc7dtr037rh4ls4l95nlfi` (`product_id`),
  CONSTRAINT `FKbioxgbv59vetrxe0ejfubep1w` FOREIGN KEY (`order_id`) REFERENCES `orders` (`id`),
  CONSTRAINT `FKocimc7dtr037rh4ls4l95nlfi` FOREIGN KEY (`product_id`) REFERENCES `products` (`id`)
) ENGINE=InnoDB AUTO_INCREMENT=34 DEFAULT CHARSET=utf8mb4 COLLATE=utf8mb4_0900_ai_ci;
/*!40101 SET character_set_client = @saved_cs_client */;

--
-- Dumping data for table `order_items`
--

LOCK TABLES `order_items` WRITE;
/*!40000 ALTER TABLE `order_items` DISABLE KEYS */;
INSERT INTO `order_items` VALUES (1,'2025-07-16 06:03:41.898811',NULL,1,'',23456.00,23456.00,'2025-07-16 06:03:41.898811',1,10),(2,'2025-07-17 15:06:41.793315','',1,'',25000.00,25000.00,'2025-07-17 15:06:41.793315',2,3),(3,'2025-07-17 15:06:41.799560','',2,'',20000.00,10000.00,'2025-07-17 15:06:41.799560',2,5),(4,'2025-07-17 15:25:56.716840','Quality requirements and testing protocols defined',7,'Production specifications for Quality Control System',285812.66,40830.38,'2025-07-17 15:25:56.716840',5,14),(5,'2025-07-17 15:25:56.716840','Quality requirements and testing protocols defined',6,'Production specifications for Data Acquisition Module',148405.20,24734.20,'2025-07-17 15:25:56.716840',5,20),(6,'2025-07-17 15:25:56.732467','Quality requirements and testing protocols defined',6,'Production specifications for Industrial Automation Controller',77616.48,12936.08,'2025-07-17 15:25:56.732467',5,11),(7,'2025-07-17 15:25:56.801147','Quality requirements and testing protocols defined',7,'Production specifications for Industrial Automation Controller',356060.39,50865.77,'2025-07-17 15:25:56.801147',6,11),(8,'2025-07-17 15:25:56.801147','Quality requirements and testing protocols defined',10,'Production specifications for Quality Control System',146523.20,14652.32,'2025-07-17 15:25:56.801147',6,14),(9,'2025-07-17 15:25:56.801147','Quality requirements and testing protocols defined',2,'Production specifications for Vibration Analysis Equipment',109583.58,54791.79,'2025-07-17 15:25:56.801147',6,30),(10,'2025-07-17 15:25:56.863685','Quality requirements and testing protocols defined',9,'Production specifications for Environmental Monitoring Unit',165107.07,18345.23,'2025-07-17 15:25:56.863685',7,23),(11,'2025-07-17 15:25:56.879307','Quality requirements and testing protocols defined',3,'Production specifications for Motor Control Center',166887.30,55629.10,'2025-07-17 15:25:56.879307',7,25),(12,'2025-07-17 15:25:56.887831','Quality requirements and testing protocols defined',4,'Production specifications for Bridge Overhead Crane',112569.64,28142.41,'2025-07-17 15:25:56.887831',7,6),(13,'2025-07-17 15:25:56.940867','Quality requirements and testing protocols defined',4,'Production specifications for Precision CNC Machining Center',95840.32,23960.08,'2025-07-17 15:25:56.940867',8,12),(14,'2025-07-17 15:25:56.972012','Quality requirements and testing protocols defined',4,'Production specifications for Testing & Measurement Device',160034.00,40008.50,'2025-07-17 15:25:56.972012',9,16),(15,'2025-07-17 15:25:56.988146','Quality requirements and testing protocols defined',9,'Production specifications for Rotary Screw Air Compressor',380530.89,42281.21,'2025-07-17 15:25:56.988146',10,4),(16,'2025-07-17 15:25:56.988146','Quality requirements and testing protocols defined',6,'Production specifications for Automatic Packaging Machine',355358.52,59226.42,'2025-07-17 15:25:56.988146',10,9),(17,'2025-07-17 15:25:57.003687','Quality requirements and testing protocols defined',3,'Production specifications for 6-Axis Welding Robot System',74575.68,24858.56,'2025-07-17 15:25:57.003687',10,5),(18,'2025-07-17 15:25:57.019333','Quality requirements and testing protocols defined',2,'Production specifications for Temperature Control System',105501.00,52750.50,'2025-07-17 15:25:57.019333',11,27),(19,'2025-07-17 15:25:57.050586','Quality requirements and testing protocols defined',10,'Production specifications for Material Handling Equipment',522905.10,52290.51,'2025-07-17 15:25:57.050586',12,15),(20,'2025-07-17 15:25:57.073920','Quality requirements and testing protocols defined',6,'Production specifications for Industrial Automation Controller',266201.28,44366.88,'2025-07-17 15:25:57.073920',13,11),(21,'2025-07-17 15:25:57.094820','Quality requirements and testing protocols defined',8,'Production specifications for SCADA Integration Module',459364.08,57420.51,'2025-07-17 15:25:57.094820',14,26),(22,'2025-07-17 15:25:57.094820','Quality requirements and testing protocols defined',8,'Production specifications for Vibration Analysis Equipment',468348.48,58543.56,'2025-07-17 15:25:57.094820',14,30),(23,'2025-07-17 15:25:57.110448','Quality requirements and testing protocols defined',6,'Production specifications for Manufacturing Execution System',293434.44,48905.74,'2025-07-17 15:25:57.110448',15,17),(24,'2025-07-17 15:25:57.110448','Quality requirements and testing protocols defined',3,'Production specifications for Heavy Duty CNC Lathe',57748.29,19249.43,'2025-07-17 15:25:57.110448',15,7),(25,'2025-07-17 15:25:57.110448','Quality requirements and testing protocols defined',7,'Production specifications for Conveyor Control Panel',260337.35,37191.05,'2025-07-17 15:25:57.110448',15,22),(26,'2025-07-17 15:25:57.126072','Quality requirements and testing protocols defined',8,'Production specifications for Industrial Automation Controller',382251.12,47781.39,'2025-07-17 15:25:57.126072',16,11),(27,'2025-07-17 15:25:57.126072','Quality requirements and testing protocols defined',10,'Production specifications for Testing & Measurement Device',357207.40,35720.74,'2025-07-17 15:25:57.126072',16,16),(28,'2025-07-17 15:25:57.141698','Quality requirements and testing protocols defined',1,'Production specifications for Power Distribution System',24053.92,24053.92,'2025-07-17 15:25:57.141698',16,24),(29,'2025-07-17 15:25:57.158208','Quality requirements and testing protocols defined',3,'Production specifications for Precision CNC Vertical Milling Machine',136710.93,45570.31,'2025-07-17 15:25:57.158208',17,2),(30,'2025-07-17 15:25:57.158208','Quality requirements and testing protocols defined',1,'Production specifications for Environmental Monitoring Unit',37395.84,37395.84,'2025-07-17 15:25:57.158208',17,23),(31,'2025-07-17 15:25:57.188292','Quality requirements and testing protocols defined',10,'Production specifications for Heavy Duty Conveyor Belt System',307858.20,30785.82,'2025-07-17 15:25:57.188292',18,1),(32,'2025-07-17 15:25:57.203726','Quality requirements and testing protocols defined',8,'Production specifications for Vibration Analysis Equipment',285167.84,35645.98,'2025-07-17 15:25:57.203726',19,30),(33,'2025-07-17 15:25:57.203726','Quality requirements and testing protocols defined',3,'Production specifications for Manufacturing Execution System',83346.81,27782.27,'2025-07-17 15:25:57.203726',19,17);
/*!40000 ALTER TABLE `order_items` ENABLE KEYS */;
UNLOCK TABLES;

--
-- Table structure for table `order_task_documents`
--

DROP TABLE IF EXISTS `order_task_documents`;
/*!40101 SET @saved_cs_client     = @@character_set_client */;
/*!50503 SET character_set_client = utf8mb4 */;
CREATE TABLE `order_task_documents` (
  `id` bigint NOT NULL AUTO_INCREMENT,
  `content_type` varchar(255) DEFAULT NULL,
  `created_at` datetime(6) NOT NULL,
  `description` text,
  `document_name` varchar(255) NOT NULL,
  `document_type` varchar(255) DEFAULT NULL,
  `file_path` varchar(255) NOT NULL,
  `file_size` bigint DEFAULT NULL,
  `original_filename` varchar(255) NOT NULL,
  `updated_at` datetime(6) DEFAULT NULL,
  `uploaded_by` varchar(50) DEFAULT NULL,
  `order_task_id` bigint NOT NULL,
  PRIMARY KEY (`id`),
  KEY `FK6xm6m8amnx44yxpb1li1m10se` (`order_task_id`),
  CONSTRAINT `FK6xm6m8amnx44yxpb1li1m10se` FOREIGN KEY (`order_task_id`) REFERENCES `order_tasks` (`id`)
) ENGINE=InnoDB DEFAULT CHARSET=utf8mb4 COLLATE=utf8mb4_0900_ai_ci;
/*!40101 SET character_set_client = @saved_cs_client */;

--
-- Dumping data for table `order_task_documents`
--

LOCK TABLES `order_task_documents` WRITE;
/*!40000 ALTER TABLE `order_task_documents` DISABLE KEYS */;
/*!40000 ALTER TABLE `order_task_documents` ENABLE KEYS */;
UNLOCK TABLES;

--
-- Table structure for table `order_tasks`
--

DROP TABLE IF EXISTS `order_tasks`;
/*!40101 SET @saved_cs_client     = @@character_set_client */;
/*!50503 SET character_set_client = utf8mb4 */;
CREATE TABLE `order_tasks` (
  `id` bigint NOT NULL AUTO_INCREMENT,
  `assigned_to` varchar(255) DEFAULT NULL,
  `completed_date` datetime(6) DEFAULT NULL,
  `created_at` datetime(6) NOT NULL,
  `created_by` varchar(50) DEFAULT NULL,
  `description` text,
  `due_date` datetime(6) DEFAULT NULL,
  `responsible_person` varchar(255) DEFAULT NULL,
  `status` varchar(255) NOT NULL,
  `task_type` varchar(255) NOT NULL,
  `updated_at` datetime(6) DEFAULT NULL,
  `updated_by` varchar(50) DEFAULT NULL,
  `order_id` bigint NOT NULL,
  PRIMARY KEY (`id`),
  KEY `FKp82kv4qxbxdb2etv967qtltqp` (`order_id`),
  CONSTRAINT `FKp82kv4qxbxdb2etv967qtltqp` FOREIGN KEY (`order_id`) REFERENCES `orders` (`id`)
) ENGINE=InnoDB AUTO_INCREMENT=5 DEFAULT CHARSET=utf8mb4 COLLATE=utf8mb4_0900_ai_ci;
/*!40101 SET character_set_client = @saved_cs_client */;

--
-- Dumping data for table `order_tasks`
--

LOCK TABLES `order_tasks` WRITE;
/*!40000 ALTER TABLE `order_tasks` DISABLE KEYS */;
INSERT INTO `order_tasks` VALUES (1,NULL,'2025-07-21 05:50:59.956952','2025-07-20 09:29:43.564395','admin','Hello description not working',NULL,NULL,'COMPLETED','INTERNAL_MEETING','2025-07-21 05:50:59.964602','admin',20),(2,NULL,'2025-07-21 04:55:25.825497','2025-07-20 09:29:43.581181','admin',NULL,NULL,NULL,'COMPLETED','DESIGNING','2025-07-21 04:55:25.840065','admin',20),(3,NULL,NULL,'2025-07-20 09:29:43.581720','admin',NULL,NULL,NULL,'PENDING','PART_LIST','2025-07-20 09:29:43.581720','admin',20),(4,NULL,NULL,'2025-07-20 09:29:43.581720','admin',NULL,NULL,NULL,'PENDING','INVENTORY_STORE_CHECK','2025-07-20 09:29:43.581720','admin',20);
/*!40000 ALTER TABLE `order_tasks` ENABLE KEYS */;
UNLOCK TABLES;

--
-- Table structure for table `orders`
--

DROP TABLE IF EXISTS `orders`;
/*!40101 SET @saved_cs_client     = @@character_set_client */;
/*!50503 SET character_set_client = utf8mb4 */;
CREATE TABLE `orders` (
  `id` bigint NOT NULL AUTO_INCREMENT,
  `active` bit(1) NOT NULL,
  `created_at` datetime(6) NOT NULL,
  `created_by` varchar(50) DEFAULT NULL,
  `delivery_actual_date` datetime(6) DEFAULT NULL,
  `delivery_expected_date` datetime(6) DEFAULT NULL,
  `description` text,
  `dispatch_date` datetime(6) DEFAULT NULL,
  `order_date` datetime(6) NOT NULL,
  `order_number` varchar(20) NOT NULL,
  `priority` varchar(255) NOT NULL,
  `purchase_order_number` varchar(100) DEFAULT NULL,
  `requirements` text,
  `status` varchar(255) NOT NULL,
  `total_amount` decimal(15,2) DEFAULT NULL,
  `transport_details` text,
  `updated_at` datetime(6) DEFAULT NULL,
  `updated_by` varchar(50) DEFAULT NULL,
  `customer_id` bigint NOT NULL,
  `customer_personnel_id` bigint DEFAULT NULL,
  `enquiry_id` bigint DEFAULT NULL,
  PRIMARY KEY (`id`),
  UNIQUE KEY `UK_nthkiu7pgmnqnu86i2jyoe2v7` (`order_number`),
  KEY `FKpxtb8awmi0dk6smoh2vp1litg` (`customer_id`),
  KEY `FKk94v3mhw7vglfw2olg6uxbhxj` (`customer_personnel_id`),
  KEY `FKn0fftlvag27ln5h7qpid0vbmd` (`enquiry_id`),
  CONSTRAINT `FKk94v3mhw7vglfw2olg6uxbhxj` FOREIGN KEY (`customer_personnel_id`) REFERENCES `customer_personnel` (`id`),
  CONSTRAINT `FKn0fftlvag27ln5h7qpid0vbmd` FOREIGN KEY (`enquiry_id`) REFERENCES `enquiries` (`id`),
  CONSTRAINT `FKpxtb8awmi0dk6smoh2vp1litg` FOREIGN KEY (`customer_id`) REFERENCES `customers` (`id`)
) ENGINE=InnoDB AUTO_INCREMENT=21 DEFAULT CHARSET=utf8mb4 COLLATE=utf8mb4_0900_ai_ci;
/*!40101 SET character_set_client = @saved_cs_client */;

--
-- Dumping data for table `orders`
--

LOCK TABLES `orders` WRITE;
/*!40000 ALTER TABLE `orders` DISABLE KEYS */;
INSERT INTO `orders` VALUES (1,_binary '','2025-07-16 05:51:46.967669','admin',NULL,'2025-09-30 00:00:00.000000','',NULL,'2025-07-16 05:51:46.960170','ORD-202507-0001','LOW','CK2025-07-003','','CONFIRMED',23456.00,'','2025-07-16 06:24:55.099483','admin',1,1,NULL),(2,_binary '','2025-07-17 15:06:41.783222','admin',NULL,'2025-08-31 00:00:00.000000','',NULL,'2025-07-17 15:06:41.783222','ORD-202507-0002','HIGH','CK-2025-25','IT should fit under the room','PENDING',NULL,'','2025-07-17 15:27:22.412012','admin',1,NULL,1),(5,_binary '','2025-07-17 15:25:56.669556','sales_manager',NULL,'2025-07-27 00:00:00.000000','Order for safety system system implementation',NULL,'2025-06-06 15:25:56.669556','ORD-202507-0003','HIGH','PO-6812910000','Complete system delivery with installation and commissioning','READY_FOR_DISPATCH',511834.34,NULL,'2025-07-17 15:25:56.768708','sales_manager',33,NULL,NULL),(6,_binary '','2025-07-17 15:25:56.787611','sales_manager',NULL,'2025-06-26 00:00:00.000000','Order for automation system implementation',NULL,'2025-05-23 15:25:56.787611','ORD-202507-0004','LOW','PO-7458210000','Complete system delivery with installation and commissioning','IN_DEVELOPMENT',612167.17,NULL,'2025-07-17 15:25:56.816796','sales_manager',32,NULL,22),(7,_binary '','2025-07-17 15:25:56.848048','sales_manager',NULL,'2025-07-08 00:00:00.000000','Order for control system system implementation',NULL,'2025-06-06 15:25:56.848048','ORD-202507-0005','HIGH','PO-2767710000','Complete system delivery with installation and commissioning','READY_FOR_DISPATCH',444564.01,NULL,'2025-07-17 15:25:56.893437','sales_manager',28,NULL,5),(8,_binary '','2025-07-17 15:25:56.924687','sales_manager',NULL,'2025-09-16 00:00:00.000000','Order for safety system system implementation',NULL,'2025-05-26 15:25:56.924687','ORD-202507-0006','URGENT','PO-9373210000','Complete system delivery with installation and commissioning','IN_DEVELOPMENT',95840.32,NULL,'2025-07-17 15:25:56.956379','sales_manager',31,NULL,12),(9,_binary '','2025-07-17 15:25:56.956379','sales_manager',NULL,'2025-07-26 00:00:00.000000','Order for monitoring solution system implementation',NULL,'2025-05-26 15:25:56.956379','ORD-202507-0007','LOW','PO-1155910000','Complete system delivery with installation and commissioning','CANCELLED',160034.00,NULL,'2025-07-17 15:25:56.972012','sales_manager',12,NULL,20),(10,_binary '','2025-07-17 15:25:56.988146','sales_manager',NULL,'2025-08-21 00:00:00.000000','Order for safety system system implementation',NULL,'2025-06-04 15:25:56.988146','ORD-202507-0008','URGENT','PO-9641210000','Complete system delivery with installation and commissioning','IN_DEVELOPMENT',810465.09,NULL,'2025-07-17 15:25:57.003687','sales_manager',2,NULL,4),(11,_binary '','2025-07-17 15:25:57.019333','sales_manager',NULL,'2025-09-13 00:00:00.000000','Order for monitoring solution system implementation',NULL,'2025-07-15 15:25:57.019333','ORD-202507-0009','MEDIUM','PO-8078610000','Complete system delivery with installation and commissioning','CANCELLED',105501.00,NULL,'2025-07-17 15:25:57.034958','sales_manager',37,NULL,NULL),(12,_binary '','2025-07-17 15:25:57.034958','sales_manager',NULL,'2025-09-08 00:00:00.000000','Order for automation system implementation',NULL,'2025-07-07 15:25:57.034958','ORD-202507-0010','HIGH','PO-8130910000','Complete system delivery with installation and commissioning','IN_DEVELOPMENT',522905.10,NULL,'2025-07-17 15:25:57.050586','sales_manager',9,NULL,NULL),(13,_binary '','2025-07-17 15:25:57.066208','sales_manager',NULL,'2025-10-26 00:00:00.000000','Order for control system system implementation',NULL,'2025-07-07 15:25:57.066208','ORD-202507-0011','MEDIUM','PO-8644110000','Complete system delivery with installation and commissioning','READY_FOR_DISPATCH',266201.28,NULL,'2025-07-17 15:25:57.088429','sales_manager',17,NULL,NULL),(14,_binary '','2025-07-17 15:25:57.089437','sales_manager',NULL,'2025-09-09 00:00:00.000000','Order for safety system system implementation',NULL,'2025-05-19 15:25:57.089437','ORD-202507-0012','URGENT','PO-2547310000','Complete system delivery with installation and commissioning','IN_DEVELOPMENT',927712.56,NULL,'2025-07-17 15:25:57.110448','sales_manager',29,NULL,NULL),(15,_binary '','2025-07-17 15:25:57.110448','sales_manager',NULL,'2025-06-25 00:00:00.000000','Order for automation system implementation',NULL,'2025-05-22 15:25:57.110448','ORD-202507-0013','URGENT','PO-4537010000','Complete system delivery with installation and commissioning','READY_FOR_DISPATCH',611520.08,NULL,'2025-07-17 15:25:57.126072','sales_manager',2,NULL,NULL),(16,_binary '','2025-07-17 15:25:57.126072','sales_manager',NULL,'2025-08-17 00:00:00.000000','Order for control system system implementation',NULL,'2025-05-23 15:25:57.126072','ORD-202507-0014','HIGH','PO-3983410000','Complete system delivery with installation and commissioning','CONFIRMED',763512.44,NULL,'2025-07-17 15:25:57.141698','sales_manager',10,NULL,4),(17,_binary '','2025-07-17 15:25:57.158208','sales_manager',NULL,'2025-08-19 00:00:00.000000','Order for safety system system implementation','2025-06-20 15:25:57.141698','2025-06-03 15:25:57.141698','ORD-202507-0015','MEDIUM','PO-5885010000','Complete system delivery with installation and commissioning','DISPATCHED',174106.77,'Shipped via Professional Couriers with tracking number TRK385177','2025-07-17 15:25:57.171969','sales_manager',36,NULL,NULL),(18,_binary '','2025-07-17 15:25:57.171969','sales_manager',NULL,'2025-09-12 00:00:00.000000','Order for automation system implementation','2025-07-23 15:25:57.171969','2025-07-06 15:25:57.171969','ORD-202507-0016','URGENT','PO-6631110000','Complete system delivery with installation and commissioning','DISPATCHED',307858.20,'Shipped via DHL Express with tracking number TRK57117','2025-07-17 15:25:57.188292','sales_manager',40,NULL,14),(19,_binary '','2025-07-17 15:25:57.203726','sales_manager',NULL,'2025-07-07 00:00:00.000000','Order for control system system implementation',NULL,'2025-06-01 15:25:57.203726','ORD-202507-0017','LOW','PO-3719410000','Complete system delivery with installation and commissioning','READY_FOR_DISPATCH',368514.65,NULL,'2025-07-20 07:35:44.863158','admin',7,NULL,7),(20,_binary '','2025-07-20 09:29:43.562417','admin',NULL,'2025-08-30 00:00:00.000000','Hello Description',NULL,'2025-07-20 09:29:43.547411','ORD-202507-0018','LOW','CK-2025-07-23','Hello requirements','PENDING',NULL,NULL,'2025-07-20 09:29:43.562417','admin',11,23,NULL);
/*!40000 ALTER TABLE `orders` ENABLE KEYS */;
UNLOCK TABLES;

--
-- Table structure for table `product_parts`
--

DROP TABLE IF EXISTS `product_parts`;
/*!40101 SET @saved_cs_client     = @@character_set_client */;
/*!50503 SET character_set_client = utf8mb4 */;
CREATE TABLE `product_parts` (
  `id` bigint NOT NULL AUTO_INCREMENT,
  `active` bit(1) NOT NULL,
  `created_at` datetime(6) NOT NULL,
  `created_by` varchar(255) DEFAULT NULL,
  `description` text,
  `dimensions` varchar(255) DEFAULT NULL,
  `material` varchar(255) DEFAULT NULL,
  `part_name` varchar(100) NOT NULL,
  `part_number` varchar(255) DEFAULT NULL,
  `quantity_required` int DEFAULT NULL,
  `specifications` text,
  `unit_of_measure` varchar(255) DEFAULT NULL,
  `updated_at` datetime(6) DEFAULT NULL,
  `updated_by` varchar(255) DEFAULT NULL,
  `product_id` bigint NOT NULL,
  `vendor_id` bigint DEFAULT NULL,
  PRIMARY KEY (`id`),
  KEY `FK6wl70delay49u63h24sxgk7ry` (`product_id`),
  KEY `FKoqpkfgv3bihpu73s784iwavuq` (`vendor_id`),
  CONSTRAINT `FK6wl70delay49u63h24sxgk7ry` FOREIGN KEY (`product_id`) REFERENCES `products` (`id`),
  CONSTRAINT `FKoqpkfgv3bihpu73s784iwavuq` FOREIGN KEY (`vendor_id`) REFERENCES `vendors` (`id`)
) ENGINE=InnoDB AUTO_INCREMENT=248 DEFAULT CHARSET=utf8mb4 COLLATE=utf8mb4_0900_ai_ci;
/*!40101 SET character_set_client = @saved_cs_client */;

--
-- Dumping data for table `product_parts`
--

LOCK TABLES `product_parts` WRITE;
/*!40000 ALTER TABLE `product_parts` DISABLE KEYS */;
INSERT INTO `product_parts` VALUES (1,_binary '','2025-07-14 08:49:59.255540','system','Heavy duty rubber conveyor belt','3000mm x 800mm x 15mm','Rubber with Steel Cord','Conveyor Belt','CB-3000-RB',1,'Temperature range: -40°C to +120°C','Meters','2025-07-14 08:49:59.255540','system',1,1),(2,_binary '','2025-07-14 08:49:59.271163','system','Variable speed drive motor','400mm x 300mm x 350mm','Cast Iron','Drive Motor','DM-5.5KW',1,'Power: 5.5kW, Speed: 1450 RPM, IP55 protection','Pieces','2025-07-14 08:49:59.271163','system',1,1),(3,_binary '','2025-07-14 08:49:59.271163','system','Steel drive pulley with lagging','800mm diameter x 800mm width','Steel with Rubber Lagging','Drive Pulley','DP-800-ST',1,'Shaft diameter: 80mm, Dynamic balancing grade G6.3','Pieces','2025-07-14 08:49:59.271163','system',1,1),(4,_binary '','2025-07-14 08:49:59.271163','system','Steel idler roller','159mm diameter x 800mm length','Steel','Idler Roller','IR-159-ST',12,'Bearing: 6204-2RS, Load capacity: 1000N','Pieces','2025-07-14 08:49:59.271163','system',1,1),(5,_binary '','2025-07-14 08:49:59.288794','system','Hydraulic belt tensioning system','500mm x 300mm x 200mm','Steel','Belt Tensioning Device','BTD-HYD',1,'Hydraulic pressure: 50 bar, Stroke: 200mm','Pieces','2025-07-14 08:49:59.288794','system',1,1),(6,_binary '','2025-07-14 08:49:59.288794','system','Steel support frame structure','3000mm x 800mm x 1200mm','Structural Steel','Support Frame','SF-ST-3000',1,'Material: S235JR, Welded construction, Powder coated','Sets','2025-07-14 08:49:59.288794','system',1,1),(7,_binary '','2025-07-14 08:49:59.302802','system','Variable frequency drive control panel','600mm x 400mm x 200mm','Steel Enclosure','Control Panel','CP-VFD',1,'IP54 protection, Emergency stop, Speed control','Pieces','2025-07-14 08:49:59.302802','system',1,1),(8,_binary '','2025-07-14 08:49:59.302802','system','Mesh safety guards','Various sizes','Steel Mesh','Safety Guards','SG-MESH',1,'Material: Galvanized steel, Mesh size: 20x20mm','Sets','2025-07-14 08:49:59.302802','system',1,1),(9,_binary '','2025-07-14 08:49:59.302802','system','Cast iron bearing housing','200mm x 150mm x 100mm','Cast Iron','Bearing Housing','BH-80-CI',4,'Bearing size: 80mm, Grease lubrication, Labyrinth seal','Pieces','2025-07-14 08:49:59.302802','system',1,1),(10,_binary '','2025-07-14 08:49:59.318540','system','Emergency stop rope switch','3000mm length','Plastic Housing','Emergency Stop System','ESS-ROPE',1,'IP67 protection, Normally closed contacts','Sets','2025-07-14 08:49:59.318540','system',1,1),(11,_binary '','2025-07-14 08:49:59.323543','system','High-speed spindle motor','300mm x 250mm x 400mm','Steel','Spindle Motor','SM-8KW-HSK',1,'Power: 8kW, Speed: 8000 RPM, HSK-A63 interface','Pieces','2025-07-14 08:49:59.323543','system',2,1),(12,_binary '','2025-07-14 08:49:59.325542','system','Precision ball screw for X-axis','1200mm length x 25mm diameter','Hardened Steel','Ball Screw','BS-2505',3,'Lead: 5mm, Accuracy grade: C3, Preloaded','Pieces','2025-07-14 08:49:59.325542','system',2,1),(13,_binary '','2025-07-14 08:49:59.325542','system','Linear guide rail and carriage','1200mm length','Hardened Steel','Linear Guide','LG-25-1200',3,'Size: 25mm, Load rating: 15kN, Accuracy: ±0.005mm','Sets','2025-07-14 08:49:59.325542','system',2,1),(14,_binary '','2025-07-14 08:49:59.341210','system','Automatic tool changer','800mm x 600mm x 400mm','Steel','Tool Changer','TC-20-ATC',1,'Capacity: 20 tools, Change time: 3.5 seconds, HSK-A63','Pieces','2025-07-14 08:49:59.341210','system',2,1),(15,_binary '','2025-07-14 08:49:59.341210','system','Computer numerical control system','400mm x 300mm x 150mm','Electronic','CNC Controller','CNC-CTRL',1,'3-axis control, 1MB program memory, Ethernet interface','Pieces','2025-07-14 08:49:59.341210','system',2,1),(16,_binary '','2025-07-14 08:49:59.341210','system','Cast iron machine bed','2200mm x 1800mm x 400mm','Cast Iron','Machine Bed','MB-CI-850',1,'Material: FC250, Stress relieved, Precision ground','Pieces','2025-07-14 08:49:59.341210','system',2,1),(17,_binary '','2025-07-14 08:49:59.356834','system','Flood coolant system','400mm x 300mm x 500mm','Stainless Steel','Coolant System','CS-FLOOD',1,'Flow rate: 50 L/min, Pressure: 5 bar, Filtration','Sets','2025-07-14 08:49:59.356834','system',2,1),(18,_binary '','2025-07-14 08:49:59.356834','system','Telescopic way covers','Various sizes','Steel','Way Covers','WC-TELES',3,'Type: Telescopic, Material: Steel laminate, Oil resistant','Sets','2025-07-14 08:49:59.356834','system',2,1),(19,_binary '','2025-07-14 08:49:59.356834','system','AC servo motor for axis drive','200mm x 150mm x 300mm','Aluminum','Servo Motor','SV-2KW',3,'Power: 2kW, Torque: 9.5 Nm, Encoder: 2500 ppr','Pieces','2025-07-14 08:49:59.356834','system',2,1),(20,_binary '','2025-07-14 08:49:59.372461','system','Hinged belt chip conveyor','2000mm length','Steel','Chip Conveyor','CC-HINGE',1,'Belt width: 150mm, Capacity: 50 L/min, Coolant proof','Pieces','2025-07-14 08:49:59.372461','system',2,1),(21,_binary '','2025-07-14 08:49:59.372461','system','Main hydraulic cylinder','400mm bore x 400mm stroke','Hardened Steel','Hydraulic Cylinder','HC-200T',1,'Pressure: 200 bar, Chrome plated rod, Cushioning','Pieces','2025-07-14 08:49:59.372461','system',3,1),(22,_binary '','2025-07-14 08:49:59.372461','system','Variable displacement pump','500mm x 400mm x 300mm','Cast Iron','Hydraulic Pump','HP-11KW',1,'Flow: 75 L/min, Pressure: 200 bar, Load sensing','Pieces','2025-07-14 08:49:59.372461','system',3,1),(23,_binary '','2025-07-14 08:49:59.389113','system','Heavy duty steel frame','2500mm x 1500mm x 3500mm','Structural Steel','Press Frame','PF-ST-200T',1,'Material: S355, Welded construction, Stress relieved','Pieces','2025-07-14 08:49:59.389113','system',3,1),(24,_binary '','2025-07-14 08:49:59.389113','system','Proportional directional valve','150mm x 100mm x 80mm','Steel','Hydraulic Valves','HV-PROP',4,'Flow: 80 L/min, Pressure: 250 bar, Proportional control','Pieces','2025-07-14 08:49:59.389113','system',3,1),(25,_binary '','2025-07-14 08:49:59.404126','system','PLC control system','600mm x 400mm x 200mm','Electronic','Control System','CS-PLC',1,'Touch screen HMI, Safety circuits, Data logging','Pieces','2025-07-14 08:49:59.404126','system',3,1),(26,_binary '','2025-07-14 08:49:59.404126','system','Light curtain safety system','2000mm height','Aluminum','Safety System','SS-LIGHT',1,'Type 4 safety, 14mm resolution, Muting function','Sets','2025-07-14 08:49:59.404126','system',3,1),(27,_binary '','2025-07-14 08:49:59.435390','system','Hydraulic oil reservoir','1200mm x 800mm x 400mm','Steel','Hydraulic Tank','HT-300L',1,'Capacity: 300L, Return filter, Breather, Level gauge','Pieces','2025-07-14 08:49:59.435390','system',3,1),(28,_binary '','2025-07-14 08:49:59.435390','system','Adjustable press table','1200mm x 800mm x 50mm','Steel','Press Table','PT-1200x800',1,'Material: Tool steel, Ground surface, T-slots','Pieces','2025-07-14 08:49:59.435390','system',3,1),(29,_binary '','2025-07-14 08:49:59.435390','system','Linear position sensor','500mm stroke','Stainless Steel','Position Sensor','PS-LINEAR',1,'Type: Magnetostrictive, Accuracy: ±0.1mm, Analog output','Pieces','2025-07-14 08:49:59.435390','system',3,1),(30,_binary '','2025-07-14 08:49:59.435390','system','Hydraulic accumulator','400mm diameter x 600mm height','Steel','Accumulator','AC-40L',1,'Volume: 40L, Pressure: 250 bar, Bladder type','Pieces','2025-07-14 08:49:59.435390','system',3,1),(31,_binary '','2025-07-14 08:49:59.451013','system','10 Micron air filter element','250mm x 150mm','Polyester','Air Filter','AF-10',1,'Filtration efficiency: 99.9%','Pieces','2025-07-14 08:49:59.451013','system',4,1),(32,_binary '','2025-07-14 08:49:59.451013','system','Oil separator for rotary screw compressor','300mm x 200mm','Steel','Oil Separator','OS-75',1,'Separation efficiency: 99.9%','Pieces','2025-07-14 08:49:59.451013','system',4,1),(33,_binary '','2025-07-14 08:49:59.451013','system','Belt guard for compressor drive belt','600mm x 400mm','Steel','Belt Guard','BG-75',1,'Safety guard for drive belt','Pieces','2025-07-14 08:49:59.451013','system',4,1),(34,_binary '','2025-07-14 08:49:59.451013','system','Replacement V-belt for compressor','Length: 1500mm','Rubber','V-Belt','VB-75',1,'High strength, Oil resistant','Pieces','2025-07-14 08:49:59.451013','system',4,1),(35,_binary '','2025-07-14 08:49:59.451013','system','20L drum of rotary screw compressor oil','Drum: 400mm x 600mm','Mineral Oil','Compressor Oil','CO-20L',1,'ISO VG 68, Anti-wear, Anti-oxidation','Drums','2025-07-14 08:49:59.451013','system',4,1),(36,_binary '','2025-07-14 08:49:59.466640','system','PT100 temperature sensor','Length: 100mm','Stainless Steel','Temperature Sensor','TS-PT100',1,'Temperature range: -50°C to +150°C','Pieces','2025-07-14 08:49:59.466640','system',4,1),(37,_binary '','2025-07-14 08:49:59.466640','system','4-20mA pressure sensor','Length: 100mm','Stainless Steel','Pressure Sensor','PS-4-20MA',1,'Pressure range: 0-10 bar','Pieces','2025-07-14 08:49:59.466640','system',4,1),(38,_binary '','2025-07-14 08:49:59.466640','system','24V DC control relay','100mm x 80mm','Plastic','Control Relay','CR-24DC',1,'Coil voltage: 24V DC, Contact rating: 10A','Pieces','2025-07-14 08:49:59.466640','system',4,1),(39,_binary '','2025-07-14 08:49:59.482271','system','Green LED indicator light','Diameter: 22mm','Plastic','LED Indicator','LED-GREEN',1,'Voltage: 24V DC, Current: 20mA','Pieces','2025-07-14 08:49:59.482271','system',4,1),(40,_binary '','2025-07-14 08:49:59.489286','system','Compressed air hose kit','Length: 10m','Rubber','Hose Kit','HK-75',1,'Working pressure: 10 bar, Burst pressure: 30 bar','Sets','2025-07-14 08:49:59.489286','system',4,1),(41,_binary '','2025-07-14 08:49:59.498297','system','500A air-cooled welding torch','Length: 400mm','Copper','Welding Torch','WT-500A',1,'Max current: 500A, Voltage: 10.5-15V','Pieces','2025-07-14 08:49:59.498297','system',5,1),(42,_binary '','2025-07-14 08:49:59.498297','system','6-axis robot controller','600mm x 400mm x 200mm','Electronic','Robot Controller','RC-6AXIS',1,'6-axis control, Teach pendant, Ethernet','Pieces','2025-07-14 08:49:59.498297','system',5,1),(43,_binary '','2025-07-14 08:49:59.498297','system','1.0mm solid wire feeder','300mm x 250mm x 150mm','Steel','Wire Feeder','WF-1.0MM',1,'Wire diameter: 0.8-1.0mm, Speed: 0-12m/min','Pieces','2025-07-14 08:49:59.498297','system',5,1),(44,_binary '','2025-07-14 08:49:59.498297','system','Gas diffuser for welding torch','Diameter: 50mm','Brass','Gas Diffuser','GD-500',1,'For 500A torch, Gas flow: 10-15L/min','Pieces','2025-07-14 08:49:59.498297','system',5,1),(45,_binary '','2025-07-14 08:49:59.498297','system','1.0mm contact tip','Diameter: 10mm','Copper','Contact Tip','CT-1.0',1,'For solid wire, Thread: M6','Pieces','2025-07-14 08:49:59.498297','system',5,1),(46,_binary '','2025-07-14 08:49:59.517208','system','Welding nozzle for torch','Diameter: 50mm','Copper','Nozzle','NZ-50',1,'For 500A torch, Length: 100mm','Pieces','2025-07-14 08:49:59.517208','system',5,1),(47,_binary '','2025-07-14 08:49:59.517208','system','35mm collet body for torch','Length: 50mm','Brass','Collet Body','CB-35',1,'For 500A torch, Thread: M11','Pieces','2025-07-14 09:28:39.201189','system',5,1),(48,_binary '','2025-07-14 08:49:59.517208','system','2.4mm tungsten electrode','Length: 175mm','Tungsten','Electrode','EL-2.4',1,'For DC welding, Color code: Green','Pieces','2025-07-14 08:49:59.517208','system',5,1),(49,_binary '','2025-07-14 08:49:59.517208','system','Fume extractor for welding area','300mm x 300mm x 600mm','Steel','Fume Extractor','FE-100',1,'Extraction rate: 1000m³/h, Filter: HEPA','Pieces','2025-07-14 08:49:59.517208','system',5,1),(50,_binary '','2025-07-14 08:49:59.517208','system','Welding curtain 2x3m','2m x 3m','PVC','Welding Curtain','WC-2X3',1,'Flame retardant, Weld spatter resistant','Pieces','2025-07-14 08:49:59.517208','system',5,1),(51,_binary '','2025-07-14 08:49:59.532857','system','20 ton electric hoist unit','Length: 3000mm','Steel','Hoist Unit','HU-20T',1,'Capacity: 20 tons, Lift height: 12m','Sets','2025-07-14 08:49:59.532857','system',6,1),(52,_binary '','2025-07-14 08:49:59.532857','system','Double girder for overhead crane','Span: 20m','Steel','Bridge Girder','BG-20T',1,'Material: S355, Welded construction','Sets','2025-07-14 08:49:59.532857','system',6,1),(53,_binary '','2025-07-14 08:49:59.532857','system','End truck assembly for overhead crane','Width: 3000mm','Steel','End Truck','ET-20T',1,'Includes wheels, bearings, and frame','Sets','2025-07-14 08:49:59.532857','system',6,1),(54,_binary '','2025-07-14 08:49:59.532857','system','Control pendant for crane operation','Length: 500mm','Plastic','Control Pendant','CP-20T',1,'Push buttons for up/down, emergency stop','Pieces','2025-07-14 08:49:59.532857','system',6,1),(55,_binary '','2025-07-14 08:49:59.548481','system','Limit switch for hoist travel','Length: 200mm','Steel','Limit Switch','LS-20T',1,'Mechanical limit switch, IP67 protection','Pieces','2025-07-14 08:49:59.548481','system',6,1),(56,_binary '','2025-07-14 08:49:59.548481','system','Safety hook for hoisting','Diameter: 30mm','Steel','Safety Hook','SH-20T',1,'With safety latch, Capacity: 20 tons','Pieces','2025-07-14 08:49:59.548481','system',6,1),(57,_binary '','2025-07-14 08:49:59.548481','system','20mm wire rope for hoisting','Length: 50m','Steel','Wire Rope','WR-20T',1,'Breaking strength: 80 tons, Construction: 6x37','Pieces','2025-07-14 08:49:59.548481','system',6,1),(58,_binary '','2025-07-14 08:49:59.564140','system','Sway control bracket','Length: 1000mm','Steel','Sway Bracket','SB-20T',1,'For sway prevention, Adjustable','Pieces','2025-07-14 08:49:59.564140','system',6,1),(59,_binary '','2025-07-14 08:49:59.564140','system','Crane rail for overhead crane','Length: 12m','Steel','Crane Rail','CR-20T',2,'Profile: I-beam, Height: 200mm','Pieces','2025-07-14 08:49:59.564140','system',6,1),(60,_binary '','2025-07-14 08:49:59.564140','system','Rail support for overhead crane','Height: 300mm','Steel','Rail Support','RS-20T',2,'With adjustable base, Hot-dip galvanized','Pieces','2025-07-14 08:49:59.564140','system',6,1),(61,_binary '','2025-07-14 08:49:59.579736','system','315mm hydraulic chuck','Diameter: 315mm','Steel','Chuck','C-315',1,'With jaws, For cylindrical workpieces','Pieces','2025-07-14 08:49:59.579736','system',7,1),(62,_binary '','2025-07-14 08:49:59.579736','system','Tailstock with quill','Length: 800mm','Cast Iron','Tailstock','TS-800',1,'Quill stroke: 150mm, Morse taper: MT4','Pieces','2025-07-14 08:49:59.579736','system',7,1),(63,_binary '','2025-07-14 08:49:59.589246','system','4-way tool post','Length: 200mm','Cast Iron','Tool Post','TP-4WAY',1,'For quick tool change, With T-nuts','Pieces','2025-07-14 08:49:59.589246','system',7,1),(64,_binary '','2025-07-14 08:49:59.589246','system','Carriage assembly','Length: 800mm','Cast Iron','Carriage','CARR-800',1,'With lead screw and nut, Precision ground','Pieces','2025-07-14 08:49:59.589246','system',7,1),(65,_binary '','2025-07-14 08:49:59.595756','system','Apron assembly for carriage','Length: 800mm','Cast Iron','Apron','APR-800',1,'With handwheel and controls','Pieces','2025-07-14 08:49:59.595756','system',7,1),(66,_binary '','2025-07-14 08:49:59.595756','system','Cast iron bed','Length: 4500mm','Cast Iron','Bed','BED-CI',1,'Precision ground, With T-slots','Pieces','2025-07-14 08:49:59.595756','system',7,1),(67,_binary '','2025-07-14 08:49:59.595756','system','220V coolant pump','Height: 150mm','Stainless Steel','Coolant Pump','CP-220V',1,'Flow rate: 20 L/min, Pressure: 3 bar','Pieces','2025-07-14 08:49:59.595756','system',7,1),(68,_binary '','2025-07-14 08:49:59.611928','system','Chip pan for lathe','Length: 800mm','Steel','Chip Pan','CP-800',1,'With drainage, Removable','Pieces','2025-07-14 08:49:59.611928','system',7,1),(69,_binary '','2025-07-14 08:49:59.611928','system','10W LED work light','Length: 200mm','Aluminum','LED Work Light','LWL-10W',1,'With magnetic base, 360° rotation','Pieces','2025-07-14 08:49:59.611928','system',7,1),(70,_binary '','2025-07-14 08:49:59.611928','system','22mm emergency stop button','Diameter: 22mm','Plastic','Emergency Stop Button','ESB-22MM',1,'Push to stop, Pull to reset','Pieces','2025-07-14 08:49:59.611928','system',7,1),(71,_binary '','2025-07-14 08:49:59.628374','system','Silicon carbide heating element','Length: 600mm','Silicon Carbide','Heating Element','HE-SIC-45KW',6,'Max temperature: 1200°C, Power: 45kW','Pieces','2025-07-14 08:49:59.628374','system',8,1),(72,_binary '','2025-07-14 08:49:59.628374','system','K-type thermocouple','Length: 100mm','Nickel-Chromium','Thermocouple','TC-K-500',2,'Temperature range: 0-500°C, Accuracy: ±2%','Pieces','2025-07-14 08:49:59.628374','system',8,1),(73,_binary '','2025-07-14 08:49:59.644036','system','Temperature control module','300mm x 200mm x 100mm','Electronic','Control Module','CM-1200',1,'PID control, SSR output, RS485','Pieces','2025-07-14 08:49:59.644036','system',8,1),(74,_binary '','2025-07-14 08:49:59.644036','system','Safety relay with 2 NO contacts','Length: 100mm','Plastic','Safety Relay','SR-2NO',1,'For safety interlock, 24V DC','Pieces','2025-07-14 08:49:59.644036','system',8,1),(75,_binary '','2025-07-14 08:49:59.644036','system','Normally closed door switch','Length: 50mm','Plastic','Door Switch','DS-1NC',1,'For door safety interlock','Pieces','2025-07-14 08:49:59.644036','system',8,1),(76,_binary '','2025-07-14 08:49:59.659664','system','Fuse holder for 10x38mm fuses','Length: 50mm','Ceramic','Fuse Holder','FH-10X38',1,'With indicator light, 10A','Pieces','2025-07-14 08:49:59.659664','system',8,1),(77,_binary '','2025-07-14 08:49:59.659664','system','5-core power cable 6mm²','Length: 10m','Copper','Power Cable','PC-5G6',1,'For 3-phase connection, H07RN-F','Pieces','2025-07-14 08:49:59.659664','system',8,1),(78,_binary '','2025-07-14 08:49:59.659664','system','Insulation mat for furnace','1200mm x 800mm','Ceramic Fiber','Insulation Mat','IM-1200',1,'Thickness: 25mm, Temp. resistance: 1260°C','Pieces','2025-07-14 08:49:59.659664','system',8,1),(79,_binary '','2025-07-14 08:49:59.675286','system','Infrared thermal camera','Width: 100mm','Electronic','Thermal Camera','TC-IR',1,'For non-contact temperature measurement','Pieces','2025-07-14 08:49:59.675286','system',8,1),(80,_binary '','2025-07-14 08:49:59.675286','system','22mm emergency stop switch','Diameter: 22mm','Plastic','Emergency Stop Switch','ESS-22MM',1,'Push to stop, Pull to reset','Pieces','2025-07-14 08:49:59.675286','system',8,1),(81,_binary '','2025-07-14 08:49:59.691314','system','Forming tube for packaging machine','Length: 200mm','Stainless Steel','Forming Tube','FT-50-200',1,'For bag forming, Diameter: 50-200mm','Pieces','2025-07-14 08:49:59.691314','system',9,1),(82,_binary '','2025-07-14 08:49:59.691314','system','10L filling nozzle','Length: 300mm','Stainless Steel','Filling Nozzle','FN-10',1,'For liquid and granule filling','Pieces','2025-07-14 08:49:59.691314','system',9,1),(83,_binary '','2025-07-14 08:49:59.691314','system','Horizontal sealing jaw','Length: 250mm','Aluminum','Sealing Jaw','SJ-200',1,'For heat sealing of bags','Pieces','2025-07-14 08:49:59.691314','system',9,1),(84,_binary '','2025-07-14 08:49:59.706949','system','Cooling tunnel for packaged products','Length: 2000mm','Stainless Steel','Cooling Tunnel','CT-2M',1,'With cooling fans, Adjustable speed','Pieces','2025-07-14 08:49:59.706949','system',9,1),(85,_binary '','2025-07-14 08:49:59.706949','system','Conveyor belt for packaging line','Length: 350mm','Rubber','Conveyor Belt','CB-350',1,'With adjustable speed drive','Pieces','2025-07-14 08:49:59.706949','system',9,1),(86,_binary '','2025-07-14 08:49:59.706949','system','PLC control panel for packaging machine','Width: 800mm','Steel','Control Panel','CP-PLC',1,'With touch screen, Emergency stop','Pieces','2025-07-14 08:49:59.706949','system',9,1),(87,_binary '','2025-07-14 08:49:59.706949','system','Sensor kit for packaging machine','Width: 100mm','Electronic','Sensor Kit','SK-PACK',1,'Includes photoelectric sensors and cables','Pieces','2025-07-14 08:49:59.706949','system',9,1),(88,_binary '','2025-07-14 08:49:59.722575','system','24V power supply for control system','Width: 200mm','Metal','Power Supply','PS-24V',1,'Input: 100-240VAC, Output: 24VDC','Pieces','2025-07-14 08:49:59.722575','system',9,1),(89,_binary '','2025-07-14 08:49:59.722575','system','Foot pedal switch for manual control','Length: 150mm','Plastic','Foot Pedal','FP-1',1,'For manual start/stop of the machine','Pieces','2025-07-14 08:49:59.722575','system',9,1),(90,_binary '','2025-07-14 08:49:59.722575','system','22mm emergency stop button','Diameter: 22mm','Plastic','Emergency Stop Button','ESB-22MM',1,'Push to stop, Pull to reset','Pieces','2025-07-14 08:49:59.722575','system',9,1),(91,_binary '','2025-07-14 08:49:59.722575','system','Cast iron impeller','Diameter: 300mm','Cast Iron','Impeller','IP-300',1,'For centrifugal force generation','Pieces','2025-07-14 08:49:59.722575','system',10,1),(92,_binary '','2025-07-14 08:49:59.738200','system','Pump housing in two parts','Length: 600mm','Cast Iron','Pump Housing','PH-300',1,'With flange connections','Pieces','2025-07-14 08:49:59.738200','system',10,1),(93,_binary '','2025-07-14 08:49:59.738200','system','Suction strainer for pump','Length: 200mm','Stainless Steel','Suction Strainer','SS-200',1,'Mesh size: 2mm, Easy to clean','Pieces','2025-07-14 08:49:59.738200','system',10,1),(94,_binary '','2025-07-14 08:49:59.738200','system','Discharge elbow for pump','Angle: 90°, Length: 150mm','Cast Iron','Discharge Elbow','DE-150',1,'With flange connections','Pieces','2025-07-14 08:49:59.738200','system',10,1),(95,_binary '','2025-07-14 08:49:59.738200','system','Mechanical seal for pump shaft','Diameter: 50mm','Ceramic/Carbon','Mechanical Seal','MS-300',1,'For sealing pump shaft, Prevents leakage','Pieces','2025-07-14 08:49:59.738200','system',10,1),(96,_binary '','2025-07-14 08:49:59.753823','system','O-ring kit for pump housing','Various sizes','Nitrile Rubber','O-ring Kit','OK-300',1,'For sealing pump housing joints','Sets','2025-07-14 08:49:59.753823','system',10,1),(97,_binary '','2025-07-14 08:49:59.753823','system','Mounting base for pump','Length: 400mm','Steel','Mounting Base','MB-300',1,'With vibration dampers','Pieces','2025-07-14 08:49:59.753823','system',10,1),(98,_binary '','2025-07-14 08:49:59.753823','system','Motor mount for pump drive','Length: 300mm','Steel','Motor Mount','MM-300',1,'With adjustable height','Pieces','2025-07-14 08:49:59.753823','system',10,1),(99,_binary '','2025-07-14 08:49:59.769476','system','V-belt pulley for motor','Diameter: 300mm','Cast Iron','V-belt Pulley','VP-300',1,'For V-belt drive, Keyway: 10mm','Pieces','2025-07-14 08:49:59.769476','system',10,1),(100,_binary '','2025-07-14 08:49:59.769476','system','22mm emergency stop button','Diameter: 22mm','Plastic','Emergency Stop Button','ESB-22MM',1,'Push to stop, Pull to reset','Pieces','2025-07-14 08:49:59.769476','system',10,1),(101,_binary '','2025-07-17 06:03:41.476745','admin',NULL,'99.8 x 94.6 x 36.2 inch','Steel','Control Circuit Board','PRT-758392',NULL,NULL,NULL,'2025-07-17 06:03:41.476745','admin',11,3),(102,_binary '','2025-07-17 06:03:41.492366','admin',NULL,'17.5 x 88.5 x 37.7 mm','Copper','Pump Unit','PRT-611580',NULL,NULL,NULL,'2025-07-17 06:03:41.492366','admin',11,12),(103,_binary '','2025-07-17 06:03:41.492366','admin',NULL,'80.0 x 27.4 x 47.3 inch','Brass','Filter Component','PRT-236456',NULL,NULL,NULL,'2025-07-17 06:03:41.492366','admin',11,7),(104,_binary '','2025-07-17 06:03:41.492366','admin',NULL,'106.5 x 42.4 x 10.6 inch','Plastic','Cable Harness','PRT-723431',NULL,NULL,NULL,'2025-07-17 06:03:41.492366','admin',11,1),(105,_binary '','2025-07-17 06:03:41.507991','admin',NULL,'28.4 x 64.4 x 19.8 cm','Plastic','Bearing Set','PRT-003248',NULL,NULL,NULL,'2025-07-17 06:03:41.507991','admin',11,5),(106,_binary '','2025-07-17 06:03:41.507991','admin',NULL,'34.9 x 28.2 x 40.3 mm','Copper','Display Panel','PRT-971223',NULL,NULL,NULL,'2025-07-17 06:03:41.507991','admin',11,11),(107,_binary '','2025-07-17 06:03:41.507991','admin',NULL,'86.8 x 78.9 x 29.7 cm','Copper','Cooling Fan Assembly','PRT-350342',NULL,NULL,NULL,'2025-07-17 06:03:41.507991','admin',11,18),(108,_binary '','2025-07-17 06:03:41.523641','admin',NULL,'90.7 x 91.0 x 47.9 mm','Aluminum','Bearing Set','PRT-158239',NULL,NULL,NULL,'2025-07-17 06:03:41.523641','admin',11,1),(109,_binary '','2025-07-17 06:03:41.523641','admin',NULL,'68.9 x 69.7 x 24.0 mm','Copper','Actuator Unit','PRT-110330',NULL,NULL,NULL,'2025-07-17 06:03:41.523641','admin',12,12),(110,_binary '','2025-07-17 06:03:41.539244','admin',NULL,'92.5 x 72.4 x 40.8 mm','Plastic','Switch Assembly','PRT-563693',NULL,NULL,NULL,'2025-07-17 06:03:41.539244','admin',12,1),(111,_binary '','2025-07-17 06:03:41.539244','admin',NULL,'21.5 x 104.3 x 20.6 inch','Plastic','Switch Assembly','PRT-504075',NULL,NULL,NULL,'2025-07-17 06:03:41.539244','admin',12,19),(112,_binary '','2025-07-17 06:03:41.554868','admin',NULL,'42.7 x 64.7 x 10.1 cm','Brass','Filter Component','PRT-791162',NULL,NULL,NULL,'2025-07-17 06:03:41.554868','admin',12,12),(113,_binary '','2025-07-17 06:03:41.561379','admin',NULL,'58.4 x 98.5 x 19.1 mm','Copper','Motor Assembly','PRT-678696',NULL,NULL,NULL,'2025-07-17 06:03:41.561379','admin',12,7),(114,_binary '','2025-07-17 06:03:41.561379','admin',NULL,'99.3 x 54.2 x 18.5 inch','Brass','Connector Assembly','PRT-297952',NULL,NULL,NULL,'2025-07-17 06:03:41.561379','admin',12,12),(115,_binary '','2025-07-17 06:03:41.570894','admin',NULL,'33.0 x 75.7 x 25.6 inch','Plastic','Display Panel','PRT-755554',NULL,NULL,NULL,'2025-07-17 06:03:41.570894','admin',12,17),(116,_binary '','2025-07-17 06:03:41.570894','admin',NULL,'84.1 x 106.1 x 45.0 cm','Brass','Switch Assembly','PRT-732106',NULL,NULL,NULL,'2025-07-17 06:03:41.570894','admin',13,10),(117,_binary '','2025-07-17 06:03:41.587714','admin',NULL,'83.6 x 44.9 x 19.3 mm','Plastic','Switch Assembly','PRT-176809',NULL,NULL,NULL,'2025-07-17 06:03:41.587714','admin',13,20),(118,_binary '','2025-07-17 06:03:41.587714','admin',NULL,'82.5 x 47.6 x 49.0 inch','Brass','Display Panel','PRT-496471',NULL,NULL,NULL,'2025-07-17 06:03:41.587714','admin',13,10),(119,_binary '','2025-07-17 06:03:41.587714','admin',NULL,'12.9 x 32.3 x 45.1 cm','Aluminum','Bearing Set','PRT-371024',NULL,NULL,NULL,'2025-07-17 06:03:41.587714','admin',13,19),(120,_binary '','2025-07-17 06:03:41.603344','admin',NULL,'30.0 x 73.8 x 22.6 mm','Plastic','Power Supply Unit','PRT-093783',NULL,NULL,NULL,'2025-07-17 06:03:41.603344','admin',13,6),(121,_binary '','2025-07-17 06:03:41.603344','admin',NULL,'16.3 x 50.0 x 6.7 mm','Steel','Valve Component','PRT-044318',NULL,NULL,NULL,'2025-07-17 06:03:41.603344','admin',13,18),(122,_binary '','2025-07-17 06:03:41.603344','admin',NULL,'10.8 x 106.5 x 46.9 cm','Brass','Motor Assembly','PRT-235810',NULL,NULL,NULL,'2025-07-17 06:03:41.603344','admin',13,9),(123,_binary '','2025-07-17 06:03:41.618992','admin',NULL,'54.1 x 74.6 x 53.3 inch','Copper','Switch Assembly','PRT-152941',NULL,NULL,NULL,'2025-07-17 06:03:41.618992','admin',13,18),(124,_binary '','2025-07-17 06:03:41.618992','admin',NULL,'30.7 x 69.0 x 22.2 mm','Steel','Motor Assembly','PRT-520007',NULL,NULL,NULL,'2025-07-17 06:03:41.618992','admin',13,21),(125,_binary '','2025-07-17 06:03:41.618992','admin',NULL,'95.3 x 62.6 x 43.1 mm','Brass','Actuator Unit','PRT-066379',NULL,NULL,NULL,'2025-07-17 06:03:41.618992','admin',13,4),(126,_binary '','2025-07-17 06:03:41.650219','admin',NULL,'64.2 x 101.4 x 15.6 mm','Copper','Sensor Module','PRT-352808',NULL,NULL,NULL,'2025-07-17 06:03:41.650219','admin',14,12),(127,_binary '','2025-07-17 06:03:41.650219','admin',NULL,'107.9 x 44.0 x 12.9 inch','Plastic','Connector Assembly','PRT-318862',NULL,NULL,NULL,'2025-07-17 06:03:41.650219','admin',14,4),(128,_binary '','2025-07-17 06:03:41.661231','admin',NULL,'89.4 x 104.1 x 49.9 inch','Copper','Switch Assembly','PRT-900650',NULL,NULL,NULL,'2025-07-17 06:03:41.661231','admin',14,19),(129,_binary '','2025-07-17 06:03:41.666243','admin',NULL,'10.6 x 76.0 x 22.3 inch','Brass','Bearing Set','PRT-100844',NULL,NULL,NULL,'2025-07-17 06:03:41.666243','admin',14,21),(130,_binary '','2025-07-17 06:03:41.666243','admin',NULL,'14.2 x 91.1 x 29.2 cm','Steel','Gear Box','PRT-164257',NULL,NULL,NULL,'2025-07-17 06:03:41.666243','admin',14,15),(131,_binary '','2025-07-17 06:03:41.666243','admin',NULL,'24.0 x 21.6 x 28.9 cm','Aluminum','Valve Component','PRT-137670',NULL,NULL,NULL,'2025-07-17 06:03:41.666243','admin',14,4),(132,_binary '','2025-07-17 06:03:41.683252','admin',NULL,'56.6 x 18.7 x 24.4 inch','Copper','Sensor Module','PRT-945929',NULL,NULL,NULL,'2025-07-17 06:03:41.683252','admin',14,10),(133,_binary '','2025-07-17 06:03:41.683252','admin',NULL,'35.4 x 55.6 x 14.1 mm','Plastic','Connector Assembly','PRT-228494',NULL,NULL,NULL,'2025-07-17 06:03:41.683252','admin',15,13),(134,_binary '','2025-07-17 06:03:41.698907','admin',NULL,'104.5 x 79.8 x 16.5 inch','Brass','Steel Housing','PRT-211283',NULL,NULL,NULL,'2025-07-17 06:03:41.698907','admin',15,14),(135,_binary '','2025-07-17 06:03:41.698907','admin',NULL,'63.9 x 22.9 x 9.8 inch','Plastic','Filter Component','PRT-024160',NULL,NULL,NULL,'2025-07-17 06:03:41.698907','admin',15,21),(136,_binary '','2025-07-17 06:03:41.698907','admin',NULL,'27.6 x 53.8 x 41.8 inch','Brass','Control Circuit Board','PRT-376708',NULL,NULL,NULL,'2025-07-17 06:03:41.698907','admin',15,20),(137,_binary '','2025-07-17 06:03:41.698907','admin',NULL,'100.8 x 94.6 x 41.4 cm','Copper','Filter Component','PRT-723243',NULL,NULL,NULL,'2025-07-17 06:03:41.698907','admin',15,9),(138,_binary '','2025-07-17 06:03:41.714531','admin',NULL,'95.9 x 21.6 x 23.7 cm','Brass','Actuator Unit','PRT-764075',NULL,NULL,NULL,'2025-07-17 06:03:41.714531','admin',15,2),(139,_binary '','2025-07-17 06:03:41.714531','admin',NULL,'64.0 x 81.4 x 13.4 inch','Plastic','Bearing Set','PRT-810203',NULL,NULL,NULL,'2025-07-17 06:03:41.714531','admin',15,2),(140,_binary '','2025-07-17 06:03:41.730156','admin',NULL,'57.0 x 47.8 x 13.3 mm','Steel','Control Circuit Board','PRT-436414',NULL,NULL,NULL,'2025-07-17 06:03:41.730156','admin',16,3),(141,_binary '','2025-07-17 06:03:41.730156','admin',NULL,'40.9 x 17.4 x 9.4 cm','Copper','Sensor Module','PRT-823701',NULL,NULL,NULL,'2025-07-17 06:03:41.730156','admin',16,1),(142,_binary '','2025-07-17 06:03:41.745784','admin',NULL,'101.1 x 73.1 x 16.5 cm','Aluminum','Steel Housing','PRT-386728',NULL,NULL,NULL,'2025-07-17 06:03:41.745784','admin',16,18),(143,_binary '','2025-07-17 06:03:41.745784','admin',NULL,'13.2 x 84.2 x 46.2 inch','Copper','Control Circuit Board','PRT-804492',NULL,NULL,NULL,'2025-07-17 06:03:41.745784','admin',16,2),(144,_binary '','2025-07-17 06:03:41.745784','admin',NULL,'68.4 x 71.0 x 49.6 cm','Steel','Cooling Fan Assembly','PRT-486471',NULL,NULL,NULL,'2025-07-17 06:03:41.745784','admin',16,6),(145,_binary '','2025-07-17 06:03:41.745784','admin',NULL,'108.6 x 41.8 x 52.9 mm','Aluminum','Sensor Module','PRT-117049',NULL,NULL,NULL,'2025-07-17 06:03:41.745784','admin',16,18),(146,_binary '','2025-07-17 06:03:41.761301','admin',NULL,'32.8 x 27.5 x 21.1 inch','Steel','Bearing Set','PRT-228049',NULL,NULL,NULL,'2025-07-17 06:03:41.761301','admin',16,5),(147,_binary '','2025-07-17 06:03:41.761301','admin',NULL,'41.4 x 96.3 x 29.6 cm','Brass','Cable Harness','PRT-002093',NULL,NULL,NULL,'2025-07-17 06:03:41.761301','admin',16,17),(148,_binary '','2025-07-17 06:03:41.761301','admin',NULL,'22.6 x 85.2 x 13.9 mm','Aluminum','Valve Component','PRT-990905',NULL,NULL,NULL,'2025-07-17 06:03:41.761301','admin',16,14),(149,_binary '','2025-07-17 06:03:41.770025','admin',NULL,'46.7 x 33.0 x 23.8 cm','Plastic','Gear Box','PRT-877325',NULL,NULL,NULL,'2025-07-17 06:03:41.770025','admin',16,4),(150,_binary '','2025-07-17 06:03:41.770025','admin',NULL,'18.5 x 71.7 x 29.3 mm','Plastic','Gear Box','PRT-739166',NULL,NULL,NULL,'2025-07-17 06:03:41.770025','admin',17,16),(151,_binary '','2025-07-17 06:03:41.770025','admin',NULL,'18.3 x 79.7 x 10.9 inch','Aluminum','Valve Component','PRT-608336',NULL,NULL,NULL,'2025-07-17 06:03:41.770025','admin',17,17),(152,_binary '','2025-07-17 06:03:41.770025','admin',NULL,'12.6 x 68.3 x 29.6 cm','Plastic','Cable Harness','PRT-399861',NULL,NULL,NULL,'2025-07-17 06:03:41.770025','admin',17,16),(153,_binary '','2025-07-17 06:03:41.785655','admin',NULL,'89.9 x 72.2 x 54.6 inch','Steel','Valve Component','PRT-633151',NULL,NULL,NULL,'2025-07-17 06:03:41.785655','admin',17,20),(154,_binary '','2025-07-17 06:03:41.785655','admin',NULL,'80.3 x 102.5 x 33.2 cm','Plastic','Pump Unit','PRT-220016',NULL,NULL,NULL,'2025-07-17 06:03:41.785655','admin',17,3),(155,_binary '','2025-07-17 06:03:41.785655','admin',NULL,'69.3 x 73.0 x 38.1 inch','Steel','Power Supply Unit','PRT-342539',NULL,NULL,NULL,'2025-07-17 06:03:41.785655','admin',17,18),(156,_binary '','2025-07-17 06:03:41.785655','admin',NULL,'96.1 x 104.3 x 36.5 mm','Copper','Pump Unit','PRT-143967',NULL,NULL,NULL,'2025-07-17 06:03:41.785655','admin',17,9),(157,_binary '','2025-07-17 06:03:41.801280','admin',NULL,'80.9 x 93.8 x 52.0 inch','Copper','Connector Assembly','PRT-291469',NULL,NULL,NULL,'2025-07-17 06:03:41.801280','admin',18,10),(158,_binary '','2025-07-17 06:03:41.801280','admin',NULL,'33.4 x 105.9 x 41.8 cm','Aluminum','Display Panel','PRT-756237',NULL,NULL,NULL,'2025-07-17 06:03:41.801280','admin',18,18),(159,_binary '','2025-07-17 06:03:41.816906','admin',NULL,'11.2 x 66.7 x 48.4 mm','Copper','Filter Component','PRT-958934',NULL,NULL,NULL,'2025-07-17 06:03:41.816906','admin',18,21),(160,_binary '','2025-07-17 06:03:41.816906','admin',NULL,'56.8 x 30.5 x 49.1 cm','Steel','Actuator Unit','PRT-335874',NULL,NULL,NULL,'2025-07-17 06:03:41.816906','admin',18,4),(161,_binary '','2025-07-17 06:03:41.816906','admin',NULL,'35.8 x 103.7 x 31.6 cm','Copper','Control Circuit Board','PRT-445436',NULL,NULL,NULL,'2025-07-17 06:03:41.816906','admin',18,8),(162,_binary '','2025-07-17 06:03:41.816906','admin',NULL,'81.2 x 49.5 x 12.0 cm','Plastic','Motor Assembly','PRT-754084',NULL,NULL,NULL,'2025-07-17 06:03:41.816906','admin',18,17),(163,_binary '','2025-07-17 06:03:41.832529','admin',NULL,'87.4 x 12.6 x 25.3 cm','Aluminum','Motor Assembly','PRT-762570',NULL,NULL,NULL,'2025-07-17 06:03:41.832529','admin',19,15),(164,_binary '','2025-07-17 06:03:41.832529','admin',NULL,'101.3 x 72.9 x 11.1 mm','Plastic','Valve Component','PRT-986888',NULL,NULL,NULL,'2025-07-17 06:03:41.832529','admin',19,20),(165,_binary '','2025-07-17 06:03:41.832529','admin',NULL,'44.2 x 26.3 x 22.8 inch','Steel','Power Supply Unit','PRT-200502',NULL,NULL,NULL,'2025-07-17 06:03:41.832529','admin',19,20),(166,_binary '','2025-07-17 06:03:41.848155','admin',NULL,'73.0 x 77.2 x 24.6 inch','Plastic','Filter Component','PRT-565958',NULL,NULL,NULL,'2025-07-17 06:03:41.848155','admin',19,6),(167,_binary '','2025-07-17 06:03:41.848155','admin',NULL,'68.7 x 37.7 x 35.6 mm','Brass','Pump Unit','PRT-230766',NULL,NULL,NULL,'2025-07-17 06:03:41.848155','admin',19,9),(168,_binary '','2025-07-17 06:03:41.848155','admin',NULL,'55.7 x 39.7 x 47.6 inch','Steel','Filter Component','PRT-979254',NULL,NULL,NULL,'2025-07-17 06:03:41.848155','admin',19,5),(169,_binary '','2025-07-17 06:03:41.864173','admin',NULL,'108.0 x 100.5 x 31.1 inch','Brass','Gear Box','PRT-692148',NULL,NULL,NULL,'2025-07-17 06:03:41.864173','admin',20,18),(170,_binary '','2025-07-17 06:03:41.864173','admin',NULL,'65.2 x 70.4 x 55.0 cm','Aluminum','Power Supply Unit','PRT-154304',NULL,NULL,NULL,'2025-07-17 06:03:41.864173','admin',20,1),(171,_binary '','2025-07-17 06:03:41.864173','admin',NULL,'40.2 x 85.0 x 18.3 inch','Plastic','Power Supply Unit','PRT-305632',NULL,NULL,NULL,'2025-07-17 06:03:41.864173','admin',20,5),(172,_binary '','2025-07-17 06:03:41.864173','admin',NULL,'107.1 x 24.2 x 36.4 mm','Plastic','Valve Component','PRT-784245',NULL,NULL,NULL,'2025-07-17 06:03:41.864173','admin',20,5),(173,_binary '','2025-07-17 06:03:41.864173','admin',NULL,'106.8 x 87.1 x 34.7 inch','Steel','Cable Harness','PRT-856462',NULL,NULL,NULL,'2025-07-17 06:03:41.864173','admin',20,8),(174,_binary '','2025-07-17 06:03:41.879809','admin',NULL,'102.6 x 71.0 x 38.8 cm','Copper','Sensor Module','PRT-350788',NULL,NULL,NULL,'2025-07-17 06:03:41.879809','admin',20,3),(175,_binary '','2025-07-17 06:03:41.879809','admin',NULL,'31.9 x 107.2 x 30.1 mm','Brass','Valve Component','PRT-016513',NULL,NULL,NULL,'2025-07-17 06:03:41.879809','admin',20,6),(176,_binary '','2025-07-17 06:03:41.879809','admin',NULL,'22.9 x 39.4 x 39.6 cm','Brass','Gear Box','PRT-706886',NULL,NULL,NULL,'2025-07-17 06:03:41.879809','admin',21,9),(177,_binary '','2025-07-17 06:03:41.879809','admin',NULL,'36.7 x 14.2 x 23.5 cm','Steel','Bearing Set','PRT-542382',NULL,NULL,NULL,'2025-07-17 06:03:41.879809','admin',21,2),(178,_binary '','2025-07-17 06:03:41.895431','admin',NULL,'33.4 x 34.2 x 48.8 inch','Aluminum','Filter Component','PRT-485325',NULL,NULL,NULL,'2025-07-17 06:03:41.895431','admin',21,3),(179,_binary '','2025-07-17 06:03:41.895431','admin',NULL,'37.2 x 51.5 x 12.0 mm','Plastic','Steel Housing','PRT-878901',NULL,NULL,NULL,'2025-07-17 06:03:41.895431','admin',21,19),(180,_binary '','2025-07-17 06:03:41.895431','admin',NULL,'75.9 x 19.6 x 8.8 inch','Copper','Filter Component','PRT-094509',NULL,NULL,NULL,'2025-07-17 06:03:41.895431','admin',21,9),(181,_binary '','2025-07-17 06:03:41.895431','admin',NULL,'26.4 x 75.7 x 28.3 inch','Copper','Control Circuit Board','PRT-800010',NULL,NULL,NULL,'2025-07-17 06:03:41.895431','admin',21,18),(182,_binary '','2025-07-17 06:03:41.911057','admin',NULL,'80.4 x 22.8 x 19.7 cm','Copper','Cooling Fan Assembly','PRT-284276',NULL,NULL,NULL,'2025-07-17 06:03:41.911057','admin',22,20),(183,_binary '','2025-07-17 06:03:41.911057','admin',NULL,'58.8 x 97.1 x 24.1 inch','Plastic','Steel Housing','PRT-733581',NULL,NULL,NULL,'2025-07-17 06:03:41.911057','admin',22,8),(184,_binary '','2025-07-17 06:03:41.911057','admin',NULL,'45.5 x 56.6 x 46.1 inch','Brass','Steel Housing','PRT-302029',NULL,NULL,NULL,'2025-07-17 06:03:41.911057','admin',22,16),(185,_binary '','2025-07-17 06:03:41.911057','admin',NULL,'12.7 x 12.3 x 51.3 cm','Brass','Power Supply Unit','PRT-752781',NULL,NULL,NULL,'2025-07-17 06:03:41.911057','admin',22,1),(186,_binary '','2025-07-17 06:03:41.911057','admin',NULL,'16.5 x 104.6 x 28.1 cm','Aluminum','Control Circuit Board','PRT-532154',NULL,NULL,NULL,'2025-07-17 06:03:41.911057','admin',22,11),(187,_binary '','2025-07-17 06:03:41.911057','admin',NULL,'15.1 x 64.5 x 42.8 cm','Copper','Valve Component','PRT-464190',NULL,NULL,NULL,'2025-07-17 06:03:41.911057','admin',22,14),(188,_binary '','2025-07-17 06:03:41.926682','admin',NULL,'77.6 x 61.4 x 27.0 inch','Copper','Sensor Module','PRT-489819',NULL,NULL,NULL,'2025-07-17 06:03:41.926682','admin',22,15),(189,_binary '','2025-07-17 06:03:41.926682','admin',NULL,'68.7 x 78.2 x 21.9 mm','Aluminum','Sensor Module','PRT-479938',NULL,NULL,NULL,'2025-07-17 06:03:41.926682','admin',23,11),(190,_binary '','2025-07-17 06:03:41.926682','admin',NULL,'88.5 x 84.4 x 42.3 cm','Plastic','Connector Assembly','PRT-229484',NULL,NULL,NULL,'2025-07-17 06:03:41.926682','admin',23,14),(191,_binary '','2025-07-17 06:03:41.926682','admin',NULL,'87.1 x 41.1 x 35.1 inch','Aluminum','Pump Unit','PRT-323603',NULL,NULL,NULL,'2025-07-17 06:03:41.926682','admin',23,1),(192,_binary '','2025-07-17 06:03:41.942308','admin',NULL,'100.5 x 17.3 x 37.4 inch','Steel','Control Circuit Board','PRT-783656',NULL,NULL,NULL,'2025-07-17 06:03:41.942308','admin',23,18),(193,_binary '','2025-07-17 06:03:41.942308','admin',NULL,'101.3 x 90.3 x 32.5 cm','Plastic','Pump Unit','PRT-017458',NULL,NULL,NULL,'2025-07-17 06:03:41.942308','admin',23,8),(194,_binary '','2025-07-17 06:03:41.942308','admin',NULL,'58.6 x 15.0 x 21.4 inch','Copper','Display Panel','PRT-596256',NULL,NULL,NULL,'2025-07-17 06:03:41.942308','admin',23,13),(195,_binary '','2025-07-17 06:03:41.942308','admin',NULL,'33.4 x 103.9 x 19.1 cm','Aluminum','Actuator Unit','PRT-302311',NULL,NULL,NULL,'2025-07-17 06:03:41.942308','admin',23,7),(196,_binary '','2025-07-17 06:03:41.942308','admin',NULL,'102.2 x 56.8 x 27.1 inch','Steel','Actuator Unit','PRT-614890',NULL,NULL,NULL,'2025-07-17 06:03:41.942308','admin',23,5),(197,_binary '','2025-07-17 06:03:41.942308','admin',NULL,'82.5 x 60.1 x 21.6 mm','Aluminum','Bearing Set','PRT-019683',NULL,NULL,NULL,'2025-07-17 06:03:41.942308','admin',23,2),(198,_binary '','2025-07-17 06:03:41.957931','admin',NULL,'109.0 x 22.6 x 10.9 cm','Copper','Control Circuit Board','PRT-379097',NULL,NULL,NULL,'2025-07-17 06:03:41.957931','admin',23,5),(199,_binary '','2025-07-17 06:03:41.967947','admin',NULL,'62.1 x 24.2 x 33.4 cm','Aluminum','Filter Component','PRT-925735',NULL,NULL,NULL,'2025-07-17 06:03:41.967947','admin',24,10),(200,_binary '','2025-07-17 06:03:41.967947','admin',NULL,'49.7 x 34.6 x 30.5 mm','Aluminum','Gear Box','PRT-299365',NULL,NULL,NULL,'2025-07-17 06:03:41.967947','admin',24,11),(201,_binary '','2025-07-17 06:03:41.967947','admin',NULL,'95.7 x 28.4 x 19.7 cm','Brass','Gear Box','PRT-728412',NULL,NULL,NULL,'2025-07-17 06:03:41.967947','admin',24,20),(202,_binary '','2025-07-17 06:03:41.967947','admin',NULL,'24.8 x 95.1 x 11.9 inch','Copper','Motor Assembly','PRT-607295',NULL,NULL,NULL,'2025-07-17 06:03:41.967947','admin',24,5),(203,_binary '','2025-07-17 06:03:41.967947','admin',NULL,'92.9 x 13.4 x 32.5 mm','Aluminum','Actuator Unit','PRT-987006',NULL,NULL,NULL,'2025-07-17 06:03:41.967947','admin',24,11),(204,_binary '','2025-07-17 06:03:41.984375','admin',NULL,'101.4 x 34.2 x 34.8 cm','Brass','Control Circuit Board','PRT-129234',NULL,NULL,NULL,'2025-07-17 06:03:41.984375','admin',24,14),(205,_binary '','2025-07-17 06:03:41.984375','admin',NULL,'72.8 x 104.7 x 11.6 mm','Copper','Display Panel','PRT-889326',NULL,NULL,NULL,'2025-07-17 06:03:41.984375','admin',25,16),(206,_binary '','2025-07-17 06:03:41.984375','admin',NULL,'12.4 x 66.7 x 9.0 cm','Brass','Cooling Fan Assembly','PRT-514178',NULL,NULL,NULL,'2025-07-17 06:03:41.984375','admin',25,6),(207,_binary '','2025-07-17 06:03:41.984375','admin',NULL,'10.4 x 64.3 x 6.4 cm','Brass','Filter Component','PRT-416374',NULL,NULL,NULL,'2025-07-17 06:03:41.984375','admin',25,20),(208,_binary '','2025-07-17 06:03:42.000011','admin',NULL,'107.3 x 61.4 x 8.7 cm','Aluminum','Pump Unit','PRT-182816',NULL,NULL,NULL,'2025-07-17 06:03:42.000011','admin',25,2),(209,_binary '','2025-07-17 06:03:42.000011','admin',NULL,'105.8 x 89.3 x 46.6 cm','Aluminum','Cable Harness','PRT-429655',NULL,NULL,NULL,'2025-07-17 06:03:42.000011','admin',25,5),(210,_binary '','2025-07-17 06:03:42.000011','admin',NULL,'49.8 x 98.3 x 45.7 inch','Brass','Motor Assembly','PRT-316069',NULL,NULL,NULL,'2025-07-17 06:03:42.000011','admin',25,15),(211,_binary '','2025-07-17 06:03:42.000011','admin',NULL,'34.2 x 91.4 x 8.2 cm','Copper','Bearing Set','PRT-306414',NULL,NULL,NULL,'2025-07-17 06:03:42.000011','admin',25,5),(212,_binary '','2025-07-17 06:03:42.000011','admin',NULL,'79.8 x 108.5 x 31.8 cm','Steel','Cable Harness','PRT-433783',NULL,NULL,NULL,'2025-07-17 06:03:42.000011','admin',26,20),(213,_binary '','2025-07-17 06:03:42.015634','admin',NULL,'19.5 x 46.9 x 8.0 mm','Aluminum','Steel Housing','PRT-459945',NULL,NULL,NULL,'2025-07-17 06:03:42.015634','admin',26,12),(214,_binary '','2025-07-17 06:03:42.015634','admin',NULL,'37.3 x 35.5 x 27.7 mm','Aluminum','Filter Component','PRT-097447',NULL,NULL,NULL,'2025-07-17 06:03:42.015634','admin',26,2),(215,_binary '','2025-07-17 06:03:42.015634','admin',NULL,'93.2 x 28.4 x 14.3 mm','Brass','Sensor Module','PRT-259232',NULL,NULL,NULL,'2025-07-17 06:03:42.015634','admin',26,12),(216,_binary '','2025-07-17 06:03:42.015634','admin',NULL,'77.2 x 30.8 x 30.9 cm','Aluminum','Gear Box','PRT-526039',NULL,NULL,NULL,'2025-07-17 06:03:42.015634','admin',26,1),(217,_binary '','2025-07-17 06:03:42.031259','admin',NULL,'84.2 x 78.5 x 5.8 mm','Plastic','Motor Assembly','PRT-575828',NULL,NULL,NULL,'2025-07-17 06:03:42.031259','admin',27,11),(218,_binary '','2025-07-17 06:03:42.031259','admin',NULL,'37.5 x 45.2 x 30.5 cm','Copper','Gear Box','PRT-056414',NULL,NULL,NULL,'2025-07-17 06:03:42.031259','admin',27,20),(219,_binary '','2025-07-17 06:03:42.031259','admin',NULL,'73.0 x 43.9 x 5.8 inch','Plastic','Motor Assembly','PRT-243385',NULL,NULL,NULL,'2025-07-17 06:03:42.031259','admin',27,18),(220,_binary '','2025-07-17 06:03:42.031259','admin',NULL,'105.0 x 82.5 x 27.3 inch','Brass','Cooling Fan Assembly','PRT-885847',NULL,NULL,NULL,'2025-07-17 06:03:42.031259','admin',27,5),(221,_binary '','2025-07-17 06:03:42.031259','admin',NULL,'87.1 x 46.1 x 42.2 mm','Steel','Gear Box','PRT-773381',NULL,NULL,NULL,'2025-07-17 06:03:42.031259','admin',27,1),(222,_binary '','2025-07-17 06:03:42.031259','admin',NULL,'42.2 x 102.4 x 46.3 mm','Plastic','Display Panel','PRT-479004',NULL,NULL,NULL,'2025-07-17 06:03:42.031259','admin',27,7),(223,_binary '','2025-07-17 06:03:42.046884','admin',NULL,'92.9 x 58.9 x 19.4 cm','Steel','Actuator Unit','PRT-211370',NULL,NULL,NULL,'2025-07-17 06:03:42.046884','admin',27,20),(224,_binary '','2025-07-17 06:03:42.046884','admin',NULL,'31.5 x 32.8 x 30.7 inch','Steel','Pump Unit','PRT-091950',NULL,NULL,NULL,'2025-07-17 06:03:42.046884','admin',28,21),(225,_binary '','2025-07-17 06:03:42.046884','admin',NULL,'84.7 x 86.0 x 30.1 cm','Copper','Power Supply Unit','PRT-416311',NULL,NULL,NULL,'2025-07-17 06:03:42.046884','admin',28,17),(226,_binary '','2025-07-17 06:03:42.046884','admin',NULL,'104.9 x 67.0 x 7.6 cm','Copper','Cable Harness','PRT-986291',NULL,NULL,NULL,'2025-07-17 06:03:42.046884','admin',28,10),(227,_binary '','2025-07-17 06:03:42.061890','admin',NULL,'48.1 x 32.6 x 9.3 inch','Plastic','Switch Assembly','PRT-022061',NULL,NULL,NULL,'2025-07-17 06:03:42.061890','admin',28,2),(228,_binary '','2025-07-17 06:03:42.062903','admin',NULL,'70.9 x 62.8 x 31.1 cm','Copper','Valve Component','PRT-165160',NULL,NULL,NULL,'2025-07-17 06:03:42.062903','admin',28,3),(229,_binary '','2025-07-17 06:03:42.062903','admin',NULL,'109.5 x 93.2 x 34.3 mm','Steel','Bearing Set','PRT-369972',NULL,NULL,NULL,'2025-07-17 06:03:42.062903','admin',28,19),(230,_binary '','2025-07-17 06:03:42.070225','admin',NULL,'104.4 x 36.0 x 33.8 cm','Steel','Connector Assembly','PRT-563758',NULL,NULL,NULL,'2025-07-17 06:03:42.070225','admin',29,7),(231,_binary '','2025-07-17 06:03:42.070225','admin',NULL,'72.0 x 44.1 x 41.5 cm','Plastic','Motor Assembly','PRT-799434',NULL,NULL,NULL,'2025-07-17 06:03:42.070225','admin',29,5),(232,_binary '','2025-07-17 06:03:42.070225','admin',NULL,'27.5 x 46.2 x 29.1 mm','Copper','Filter Component','PRT-832186',NULL,NULL,NULL,'2025-07-17 06:03:42.070225','admin',29,13),(233,_binary '','2025-07-17 06:03:42.070225','admin',NULL,'90.3 x 76.1 x 9.5 mm','Brass','Control Circuit Board','PRT-182967',NULL,NULL,NULL,'2025-07-17 06:03:42.070225','admin',29,1),(234,_binary '','2025-07-17 06:03:42.070225','admin',NULL,'61.6 x 55.7 x 48.3 cm','Copper','Cable Harness','PRT-706240',NULL,NULL,NULL,'2025-07-17 06:03:42.070225','admin',29,12),(235,_binary '','2025-07-17 06:03:42.085852','admin',NULL,'77.5 x 92.8 x 16.9 inch','Copper','Sensor Module','PRT-825654',NULL,NULL,NULL,'2025-07-17 06:03:42.085852','admin',29,18),(236,_binary '','2025-07-17 06:03:42.089696','admin',NULL,'75.5 x 28.9 x 9.8 cm','Brass','Valve Component','PRT-680752',NULL,NULL,NULL,'2025-07-17 06:03:42.089696','admin',29,12),(237,_binary '','2025-07-17 06:03:42.092697','admin',NULL,'89.6 x 102.1 x 19.1 mm','Copper','Actuator Unit','PRT-505637',NULL,NULL,NULL,'2025-07-17 06:03:42.092697','admin',29,5),(238,_binary '','2025-07-17 06:03:42.097697','admin',NULL,'49.1 x 70.8 x 16.1 cm','Plastic','Display Panel','PRT-672738',NULL,NULL,NULL,'2025-07-17 06:03:42.097697','admin',30,12),(239,_binary '','2025-07-17 06:03:42.099697','admin',NULL,'13.3 x 41.2 x 36.2 cm','Copper','Steel Housing','PRT-717120',NULL,NULL,NULL,'2025-07-17 06:03:42.099697','admin',30,20),(240,_binary '','2025-07-17 06:03:42.102697','admin',NULL,'88.0 x 17.6 x 24.2 mm','Plastic','Cable Harness','PRT-005154',NULL,NULL,NULL,'2025-07-17 06:03:42.102697','admin',30,5),(241,_binary '','2025-07-17 06:03:42.106371','admin',NULL,'84.0 x 102.8 x 47.0 mm','Steel','Gear Box','PRT-436673',NULL,NULL,NULL,'2025-07-17 06:03:42.106371','admin',30,4),(242,_binary '','2025-07-17 06:03:42.109373','admin',NULL,'15.9 x 108.1 x 11.9 cm','Steel','Display Panel','PRT-491650',NULL,NULL,NULL,'2025-07-17 06:03:42.109373','admin',30,15),(243,_binary '','2025-07-17 06:03:42.112821','admin',NULL,'100.3 x 67.5 x 25.7 cm','Aluminum','Power Supply Unit','PRT-647591',NULL,NULL,NULL,'2025-07-17 06:03:42.112821','admin',30,9),(244,_binary '','2025-07-17 06:03:42.114954','admin',NULL,'95.2 x 54.9 x 40.5 inch','Copper','Valve Component','PRT-752702',NULL,NULL,NULL,'2025-07-17 06:03:42.114954','admin',30,16),(245,_binary '','2025-07-17 06:03:42.117963','admin',NULL,'93.4 x 92.7 x 37.3 mm','Plastic','Cooling Fan Assembly','PRT-071627',NULL,NULL,NULL,'2025-07-17 06:03:42.117963','admin',30,12),(246,_binary '','2025-07-17 06:03:42.119950','admin',NULL,'75.2 x 23.5 x 30.6 inch','Plastic','Steel Housing','PRT-721116',NULL,NULL,NULL,'2025-07-17 06:03:42.119950','admin',30,10),(247,_binary '','2025-07-17 06:03:42.120945','admin',NULL,'88.3 x 65.0 x 11.0 mm','Copper','Bearing Set','PRT-385939',NULL,NULL,NULL,'2025-07-17 06:03:42.120945','admin',30,11);
/*!40000 ALTER TABLE `product_parts` ENABLE KEYS */;
UNLOCK TABLES;

--
-- Table structure for table `products`
--

DROP TABLE IF EXISTS `products`;
/*!40101 SET @saved_cs_client     = @@character_set_client */;
/*!50503 SET character_set_client = utf8mb4 */;
CREATE TABLE `products` (
  `id` bigint NOT NULL AUTO_INCREMENT,
  `active` bit(1) NOT NULL,
  `brand` varchar(255) DEFAULT NULL,
  `cad_drawings_path` varchar(255) DEFAULT NULL,
  `catalog_path` varchar(255) DEFAULT NULL,
  `category` varchar(255) DEFAULT NULL,
  `created_at` datetime(6) NOT NULL,
  `created_by` varchar(255) DEFAULT NULL,
  `description` text,
  `dimensions` varchar(255) DEFAULT NULL,
  `material` varchar(255) DEFAULT NULL,
  `model_number` varchar(255) DEFAULT NULL,
  `name` varchar(100) NOT NULL,
  `product_images_path` varchar(255) DEFAULT NULL,
  `specifications` text,
  `unit_of_measure` varchar(255) DEFAULT NULL,
  `updated_at` datetime(6) DEFAULT NULL,
  `updated_by` varchar(255) DEFAULT NULL,
  `weight` double DEFAULT NULL,
  PRIMARY KEY (`id`)
) ENGINE=InnoDB AUTO_INCREMENT=31 DEFAULT CHARSET=utf8mb4 COLLATE=utf8mb4_0900_ai_ci;
/*!40101 SET character_set_client = @saved_cs_client */;

--
-- Dumping data for table `products`
--

LOCK TABLES `products` WRITE;
/*!40000 ALTER TABLE `products` DISABLE KEYS */;
INSERT INTO `products` VALUES (1,_binary '','IndustryMax',NULL,NULL,'Material Handling','2025-07-14 08:49:59.173623','system','Industrial grade conveyor belt system designed for heavy-duty material handling in manufacturing environments. Features steel frame construction with variable speed control.','3000mm x 800mm x 1200mm','Steel Frame with Rubber Belt','CBX-3000','Heavy Duty Conveyor Belt System',NULL,'Load capacity: 500kg/m, Speed: 0.1-2.0 m/s, Motor: 5.5kW, Belt width: 800mm','Sets','2025-07-14 08:49:59.173623','system',850),(2,_binary '','TechPrecision',NULL,NULL,'Machine Tools','2025-07-14 08:49:59.208213','system','High-precision 3-axis CNC milling machine with automatic tool changer. Suitable for precision machining of metal components with tight tolerances.','2200mm x 1800mm x 2400mm','Cast Iron Base with Steel Framework','VM-850','Precision CNC Vertical Milling Machine',NULL,'Spindle speed: 8000 RPM, Tool capacity: 20, Working area: 850x450x400mm, Positioning accuracy: ±0.005mm','Pieces','2025-07-14 08:49:59.208213','system',2500),(3,_binary '','PowerForge',NULL,NULL,'Forming Equipment','2025-07-14 08:49:59.208213','system','Heavy-duty hydraulic press for metal forming, stamping, and pressing operations. Features programmable pressure control and safety systems.','2500mm x 1500mm x 3500mm','Steel Frame with Hydraulic Components','HP-200T','Industrial Hydraulic Press',NULL,'Max pressure: 200 tons, Stroke: 400mm, Table size: 1200x800mm, Pump motor: 11kW','Pieces','2025-07-14 08:49:59.208213','system',3200),(4,_binary '','AirFlow',NULL,NULL,'Pneumatic Equipment','2025-07-14 08:49:59.208213','system','Energy-efficient rotary screw air compressor with variable speed drive. Designed for continuous operation in industrial environments.','1800mm x 1200mm x 1600mm','Steel Housing with Cast Iron Compressor Block','RS-75VSD','Rotary Screw Air Compressor',NULL,'Flow rate: 13.2 m³/min, Pressure: 8 bar, Motor: 75kW VSD, Noise level: <70dB','Pieces','2025-07-14 08:49:59.208213','system',1200),(5,_binary '','RoboWeld',NULL,NULL,'Automation Equipment','2025-07-14 08:49:59.224279','system','Automated welding robot with 6-axis articulation for complex welding applications. Includes welding power source and wire feeder.','1400mm reach, Base: 600mm x 600mm','Aluminum Alloy Arms with Steel Base','WR-1400','6-Axis Welding Robot System',NULL,'Payload: 6kg, Reach: 1400mm, Repeatability: ±0.08mm, Welding current: 350A','Sets','2025-07-14 14:28:23.532542','system',750),(6,_binary '','LiftMaster',NULL,NULL,'Lifting Equipment','2025-07-14 08:49:59.224279','system','Double girder overhead crane for heavy lifting applications in industrial facilities. Remote control operation with safety features.','Span: 20m, Lift height: 12m','Steel Structure with Wire Rope Hoist','BOC-20T','Bridge Overhead Crane',NULL,'Capacity: 20 tons, Span: 20m, Lift height: 12m, Speed: 8/2 m/min','Sets','2025-07-14 08:49:59.224279','system',8500),(7,_binary '','TurnTech',NULL,NULL,'Machine Tools','2025-07-14 08:49:59.224279','system','Computer-controlled lathe machine for precision turning operations on large diameter workpieces. Suitable for automotive and aerospace industries.','4500mm x 2200mm x 2000mm','Cast Iron Bed with Steel Components','CL-800','Heavy Duty CNC Lathe',NULL,'Swing over bed: 800mm, Distance between centers: 3000mm, Spindle speed: 2000 RPM, Chuck: 315mm','Pieces','2025-07-14 08:49:59.224279','system',4200),(8,_binary '','HeatPro',NULL,NULL,'Heat Treatment','2025-07-14 08:49:59.239941','system','High-temperature electric furnace for heat treatment, annealing, and tempering of metal components. Programmable temperature control.','2000mm x 1500mm x 1800mm','Refractory Lined Steel Chamber','EHF-1200','Electric Heat Treatment Furnace',NULL,'Max temperature: 1200°C, Chamber: 600x400x400mm, Heating elements: Silicon Carbide, Power: 45kW','Pieces','2025-07-14 08:49:59.239941','system',2800),(9,_binary '','PackTech',NULL,NULL,'Packaging Equipment','2025-07-14 08:49:59.239941','system','High-speed automatic packaging machine for industrial products. Features form-fill-seal technology with quality control systems.','3500mm x 1200mm x 2200mm','Stainless Steel Frame with Food Grade Components','APM-500','Automatic Packaging Machine',NULL,'Speed: 500 packs/min, Bag width: 50-200mm, Film width: 350mm, Power: 8.5kW','Pieces','2025-07-14 08:49:59.239941','system',1800),(10,_binary '','FlowMax',NULL,NULL,'Fluid Handling','2025-07-14 08:49:59.239941','system','Heavy-duty centrifugal pump system for industrial fluid transfer applications. Corrosion-resistant materials for chemical compatibility.','1200mm x 800mm x 900mm','Stainless Steel Impeller with Cast Iron Casing','CP-300','Centrifugal Pump System',NULL,'Flow rate: 300 m³/h, Head: 85m, Suction: 200mm, Discharge: 150mm, Motor: 30kW','Sets','2025-07-14 08:49:59.239941','system',450),(11,_binary '',NULL,NULL,NULL,'Measurement','2025-07-17 06:03:41.476745','admin','High-performance automation solution for industrial applications. Designed for high reliability and performance in demanding industrial environments.',NULL,NULL,'ZMS-0001','Industrial Automation Controller',NULL,NULL,NULL,'2025-07-17 06:03:41.476745','admin',NULL),(12,_binary '',NULL,NULL,NULL,'Processing','2025-07-17 06:03:41.523641','admin','Precision engineering equipment for manufacturing excellence. Designed for high reliability and performance in demanding industrial environments.',NULL,NULL,'ZMS-0002','Precision CNC Machining Center',NULL,NULL,NULL,'2025-07-17 06:03:41.523641','admin',NULL),(13,_binary '',NULL,NULL,NULL,'Safety','2025-07-17 06:03:41.570894','admin','Advanced robotic system for automated production lines. Designed for high reliability and performance in demanding industrial environments.',NULL,NULL,'ZMS-0003','Robotic Assembly Unit',NULL,NULL,NULL,'2025-07-17 06:03:41.570894','admin',NULL),(14,_binary '',NULL,NULL,NULL,'Safety','2025-07-17 06:03:41.634596','admin','Comprehensive quality assurance and control system. Designed for high reliability and performance in demanding industrial environments.',NULL,NULL,'ZMS-0004','Quality Control System',NULL,NULL,NULL,'2025-07-17 06:03:41.634596','admin',NULL),(15,_binary '',NULL,NULL,NULL,'Control Systems','2025-07-17 06:03:41.683252','admin','Efficient material transport and handling solution. Designed for high reliability and performance in demanding industrial environments.',NULL,NULL,'ZMS-0005','Material Handling Equipment',NULL,NULL,NULL,'2025-07-17 06:03:41.683252','admin',NULL),(16,_binary '',NULL,NULL,NULL,'Safety','2025-07-17 06:03:41.730156','admin','High-performance automation solution for industrial applications. Designed for high reliability and performance in demanding industrial environments.',NULL,NULL,'ZMS-0006','Testing & Measurement Device',NULL,NULL,NULL,'2025-07-17 06:03:41.730156','admin',NULL),(17,_binary '',NULL,NULL,NULL,'Processing','2025-07-17 06:03:41.770025','admin','Precision engineering equipment for manufacturing excellence. Designed for high reliability and performance in demanding industrial environments.',NULL,NULL,'ZMS-0007','Manufacturing Execution System',NULL,NULL,NULL,'2025-07-17 06:03:41.770025','admin',NULL),(18,_binary '',NULL,NULL,NULL,'Control Systems','2025-07-17 06:03:41.801280','admin','Advanced robotic system for automated production lines. Designed for high reliability and performance in demanding industrial environments.',NULL,NULL,'ZMS-0008','Process Control Unit',NULL,NULL,NULL,'2025-07-17 06:03:41.801280','admin',NULL),(19,_binary '',NULL,NULL,NULL,'Control Systems','2025-07-17 06:03:41.832529','admin','Comprehensive quality assurance and control system. Designed for high reliability and performance in demanding industrial environments.',NULL,NULL,'ZMS-0009','Safety Monitoring System',NULL,NULL,NULL,'2025-07-17 06:03:41.832529','admin',NULL),(20,_binary '',NULL,NULL,NULL,'Processing','2025-07-17 06:03:41.861663','admin','Efficient material transport and handling solution. Designed for high reliability and performance in demanding industrial environments.',NULL,NULL,'ZMS-0010','Data Acquisition Module',NULL,NULL,NULL,'2025-07-17 06:03:41.861663','admin',NULL),(21,_binary '',NULL,NULL,NULL,'Safety','2025-07-17 06:03:41.879809','admin','High-performance automation solution for industrial applications. Designed for high reliability and performance in demanding industrial environments.',NULL,NULL,'ZMS-0011','Vision Inspection System',NULL,NULL,NULL,'2025-07-17 06:03:41.879809','admin',NULL),(22,_binary '',NULL,NULL,NULL,'Automation','2025-07-17 06:03:41.895431','admin','Precision engineering equipment for manufacturing excellence. Designed for high reliability and performance in demanding industrial environments.',NULL,NULL,'ZMS-0012','Conveyor Control Panel',NULL,NULL,NULL,'2025-07-17 06:03:41.895431','admin',NULL),(23,_binary '',NULL,NULL,NULL,'Control Systems','2025-07-17 06:03:41.926682','admin','Advanced robotic system for automated production lines. Designed for high reliability and performance in demanding industrial environments.',NULL,NULL,'ZMS-0013','Environmental Monitoring Unit',NULL,NULL,NULL,'2025-07-17 06:03:41.926682','admin',NULL),(24,_binary '',NULL,NULL,NULL,'Processing','2025-07-17 06:03:41.961938','admin','Comprehensive quality assurance and control system. Designed for high reliability and performance in demanding industrial environments.',NULL,NULL,'ZMS-0014','Power Distribution System',NULL,NULL,NULL,'2025-07-17 06:03:41.961938','admin',NULL),(25,_binary '',NULL,NULL,NULL,'Processing','2025-07-17 06:03:41.984375','admin','Efficient material transport and handling solution. Designed for high reliability and performance in demanding industrial environments.',NULL,NULL,'ZMS-0015','Motor Control Center',NULL,NULL,NULL,'2025-07-17 06:03:41.984375','admin',NULL),(26,_binary '',NULL,NULL,NULL,'Measurement','2025-07-17 06:03:42.000011','admin','High-performance automation solution for industrial applications. Designed for high reliability and performance in demanding industrial environments.',NULL,NULL,'ZMS-0016','SCADA Integration Module',NULL,NULL,NULL,'2025-07-17 06:03:42.000011','admin',NULL),(27,_binary '',NULL,NULL,NULL,'Processing','2025-07-17 06:03:42.015634','admin','Precision engineering equipment for manufacturing excellence. Designed for high reliability and performance in demanding industrial environments.',NULL,NULL,'ZMS-0017','Temperature Control System',NULL,NULL,NULL,'2025-07-17 06:03:42.015634','admin',NULL),(28,_binary '',NULL,NULL,NULL,'Safety','2025-07-17 06:03:42.046884','admin','Advanced robotic system for automated production lines. Designed for high reliability and performance in demanding industrial environments.',NULL,NULL,'ZMS-0018','Pressure Monitoring Device',NULL,NULL,NULL,'2025-07-17 06:03:42.046884','admin',NULL),(29,_binary '',NULL,NULL,NULL,'Processing','2025-07-17 06:03:42.070225','admin','Comprehensive quality assurance and control system. Designed for high reliability and performance in demanding industrial environments.',NULL,NULL,'ZMS-0019','Flow Measurement System',NULL,NULL,NULL,'2025-07-17 06:03:42.070225','admin',NULL),(30,_binary '',NULL,NULL,NULL,'Processing','2025-07-17 06:03:42.095699','admin','Efficient material transport and handling solution. Designed for high reliability and performance in demanding industrial environments.',NULL,NULL,'ZMS-0020','Vibration Analysis Equipment',NULL,NULL,NULL,'2025-07-17 06:03:42.095699','admin',NULL);
/*!40000 ALTER TABLE `products` ENABLE KEYS */;
UNLOCK TABLES;

--
-- Table structure for table `users`
--

DROP TABLE IF EXISTS `users`;
/*!40101 SET @saved_cs_client     = @@character_set_client */;
/*!50503 SET character_set_client = utf8mb4 */;
CREATE TABLE `users` (
  `id` bigint NOT NULL AUTO_INCREMENT,
  `active` bit(1) NOT NULL,
  `created_at` datetime(6) NOT NULL,
  `created_by` varchar(50) DEFAULT NULL,
  `email` varchar(100) NOT NULL,
  `full_name` varchar(100) NOT NULL,
  `last_login` datetime(6) DEFAULT NULL,
  `password` varchar(255) NOT NULL,
  `phone_number` varchar(15) DEFAULT NULL,
  `role` varchar(255) NOT NULL,
  `updated_at` datetime(6) DEFAULT NULL,
  `updated_by` varchar(50) DEFAULT NULL,
  `username` varchar(50) NOT NULL,
  PRIMARY KEY (`id`),
  UNIQUE KEY `UK_6dotkott2kjsp8vw4d0m25fb7` (`email`),
  UNIQUE KEY `UK_r43af9ap4edm43mmtq01oddj6` (`username`)
) ENGINE=InnoDB AUTO_INCREMENT=6 DEFAULT CHARSET=utf8mb4 COLLATE=utf8mb4_0900_ai_ci;
/*!40101 SET character_set_client = @saved_cs_client */;

--
-- Dumping data for table `users`
--

LOCK TABLES `users` WRITE;
/*!40000 ALTER TABLE `users` DISABLE KEYS */;
INSERT INTO `users` VALUES (1,_binary '','2025-07-11 14:24:56.713208','system','admin@zeus-ims.com','System Administrator','2025-09-13 02:40:56.352133','$2a$10$LdVYeW64fmcitrGzXp0KuepEXts/Jwz99AgjOvFeBYFloJQlOHKKi','9898989898','OWNER','2025-09-13 02:40:56.361215','admin','admin'),(2,_binary '','2025-07-11 14:24:57.387966','system','sales@zeus-ims.com','Sales Manager','2025-07-20 07:25:53.294248','$2a$10$vRv9BurzRYj438SabHcRquW0gcBe9zb6kMIa9Rl/3luQw.SH0LgzK','+1-234-567-8901','SALES','2025-07-20 07:25:53.313197',NULL,'sales'),(3,_binary '','2025-07-11 14:24:57.571176','system','production@zeus-ims.com','Production Manager','2025-07-20 08:22:25.132889','$2a$10$E5ye5/7QI..Fxz97MRFWA.1ZzalA6CbcGayUcqnnotSRvKsM/Sz9y','+1-234-567-8902','PRODUCTION_MANAGER','2025-07-20 08:22:25.149843',NULL,'production'),(4,_binary '','2025-07-11 14:24:57.691735','system','workshop@zeus-ims.com','Workshop Supervisor','2025-07-18 05:36:00.733018','$2a$10$32AfjHEHPf47yHEtBJlvgOt1u473Fet7cQmGgL5beVWCrfvlWpn.G','+1-234-567-8903','WORKSHOP_PERSONNEL','2025-07-18 05:36:00.733018',NULL,'workshop'),(5,_binary '','2025-07-11 14:24:57.793224','system','accountant@zeus-ims.com','Chief Accountant','2025-07-18 05:36:20.190592','$2a$10$EdBWqU6RzI/GCWSoVeWGZ.fLKJrqKSPkoOjnLQAZvlpBGTYpjxvwq','+1-234-567-8904','ACCOUNTANT','2025-07-18 05:36:20.190592',NULL,'accountant');
/*!40000 ALTER TABLE `users` ENABLE KEYS */;
UNLOCK TABLES;

--
-- Table structure for table `vendor_personnel`
--

DROP TABLE IF EXISTS `vendor_personnel`;
/*!40101 SET @saved_cs_client     = @@character_set_client */;
/*!50503 SET character_set_client = utf8mb4 */;
CREATE TABLE `vendor_personnel` (
  `id` bigint NOT NULL AUTO_INCREMENT,
  `active` bit(1) NOT NULL,
  `contact_number` varchar(255) DEFAULT NULL,
  `created_at` datetime(6) NOT NULL,
  `created_by` varchar(255) DEFAULT NULL,
  `department` varchar(255) DEFAULT NULL,
  `designation` varchar(255) DEFAULT NULL,
  `email` varchar(255) DEFAULT NULL,
  `full_name` varchar(100) NOT NULL,
  `is_primary_contact` bit(1) NOT NULL,
  `notes` text,
  `secondary_contact` varchar(255) DEFAULT NULL,
  `updated_at` datetime(6) DEFAULT NULL,
  `updated_by` varchar(255) DEFAULT NULL,
  `vendor_id` bigint NOT NULL,
  PRIMARY KEY (`id`),
  KEY `FK2ixpx7k3874is4fpfvtxfn1nd` (`vendor_id`),
  CONSTRAINT `FK2ixpx7k3874is4fpfvtxfn1nd` FOREIGN KEY (`vendor_id`) REFERENCES `vendors` (`id`)
) ENGINE=InnoDB AUTO_INCREMENT=54 DEFAULT CHARSET=utf8mb4 COLLATE=utf8mb4_0900_ai_ci;
/*!40101 SET character_set_client = @saved_cs_client */;

--
-- Dumping data for table `vendor_personnel`
--

LOCK TABLES `vendor_personnel` WRITE;
/*!40000 ALTER TABLE `vendor_personnel` DISABLE KEYS */;
INSERT INTO `vendor_personnel` VALUES (1,_binary '','8677876798','2025-07-14 06:47:09.842369','system','Engineering','Owner','','Ganesh Sotia',_binary '\0','','','2025-07-14 06:47:09.842369','system',1),(2,_binary '','+91-7122276530','2025-07-17 06:03:41.121295','admin','Supply Chain','Supply Chain Lead','amit.agarwal@steelsuppliersindialtd.com','Amit Agarwal',_binary '\0',NULL,NULL,'2025-07-17 06:03:41.121295','system',2),(3,_binary '','+91-7694608534','2025-07-17 06:03:41.121295','admin','Operations','Business Head','raj.agarwal@steelsuppliersindialtd.com','Raj Agarwal',_binary '\0',NULL,NULL,'2025-07-17 06:03:41.121295','system',2),(4,_binary '','+91-7462363445','2025-07-17 06:03:41.121295','admin','Quality Control','Sales Manager','amit.agarwal@steelsuppliersindialtd.com','Amit Agarwal',_binary '\0',NULL,NULL,'2025-07-17 06:03:41.121295','system',2),(5,_binary '','+91-7847290825','2025-07-17 06:03:41.135808','admin','Business Development','Quality Manager','amit.shah@precisionpartsco.com','Amit Shah',_binary '\0',NULL,NULL,'2025-07-17 06:03:41.135808','system',3),(6,_binary '','+91-7891223138','2025-07-17 06:03:41.151448','admin','Quality Control','Quality Manager','pooja.singh@precisionpartsco.com','Pooja Singh',_binary '\0',NULL,NULL,'2025-07-17 06:03:41.151448','system',3),(7,_binary '','+91-7247923643','2025-07-17 06:03:41.151448','admin','Quality Control','Account Executive','meera.patel@precisionpartsco.com','Meera Patel',_binary '\0',NULL,NULL,'2025-07-17 06:03:41.151448','system',3),(8,_binary '','+91-7000999299','2025-07-17 06:03:41.167474','admin','Supply Chain','Business Head','priya.sharma@electroniccomponentsinc.com','Priya Sharma',_binary '\0',NULL,NULL,'2025-07-17 06:03:41.167474','system',4),(9,_binary '','+91-7240756246','2025-07-17 06:03:41.173933','admin','Business Development','Quality Manager','vikram.shah@electroniccomponentsinc.com','Vikram Shah',_binary '\0',NULL,NULL,'2025-07-17 06:03:41.173933','system',4),(10,_binary '','+91-7350296598','2025-07-17 06:03:41.173933','admin','Sales','Account Executive','vikram.singh@electroniccomponentsinc.com','Vikram Singh',_binary '\0',NULL,NULL,'2025-07-17 06:03:41.173933','system',4),(11,_binary '','+91-7638131677','2025-07-17 06:03:41.189564','admin','Business Development','Quality Manager','raj.patel@hardwaresolutionspvtltd.com','Raj Patel',_binary '\0',NULL,NULL,'2025-07-17 06:03:41.189564','system',5),(12,_binary '','+91-7349137078','2025-07-17 06:03:41.189564','admin','Business Development','Business Head','anita.agarwal@hardwaresolutionspvtltd.com','Anita Agarwal',_binary '\0',NULL,NULL,'2025-07-17 06:03:41.189564','system',5),(13,_binary '','+91-7350059125','2025-07-17 06:03:41.189564','admin','Sales','Account Executive','raj.verma@hardwaresolutionspvtltd.com','Raj Verma',_binary '\0',NULL,NULL,'2025-07-17 06:03:41.189564','system',5),(14,_binary '','+91-7481911143','2025-07-17 06:03:41.205227','admin','Quality Control','Supply Chain Lead','ravi.kumar@metalworkscorporation.com','Ravi Kumar',_binary '\0',NULL,NULL,'2025-07-17 06:03:41.205227','system',6),(15,_binary '','+91-7703062543','2025-07-17 06:03:41.205227','admin','Supply Chain','Sales Manager','suresh.sharma@metalworkscorporation.com','Suresh Sharma',_binary '\0',NULL,NULL,'2025-07-17 06:03:41.205227','system',6),(16,_binary '','+91-7907108891','2025-07-17 06:03:41.205227','admin','Sales','Sales Manager','pooja.shah@metalworkscorporation.com','Pooja Shah',_binary '\0',NULL,NULL,'2025-07-17 06:03:41.205227','system',6),(17,_binary '','+91-7222404296','2025-07-17 06:03:41.220881','admin','Business Development','Business Head','amit.gupta@componentmanufacturersltd.com','Amit Gupta',_binary '\0',NULL,NULL,'2025-07-17 06:03:41.220881','system',7),(18,_binary '','+91-7086948985','2025-07-17 06:03:41.220881','admin','Sales','Sales Manager','suresh.singh@componentmanufacturersltd.com','Suresh Singh',_binary '\0',NULL,NULL,'2025-07-17 06:03:41.220881','system',7),(19,_binary '','+91-7462874237','2025-07-17 06:03:41.220881','admin','Sales','Sales Manager','raj.sharma@componentmanufacturersltd.com','Raj Sharma',_binary '\0',NULL,NULL,'2025-07-17 06:03:41.220881','system',7),(20,_binary '','+91-7879721865','2025-07-17 06:03:41.236504','admin','Supply Chain','Supply Chain Lead','kavya.verma@industrialsuppliesco.com','Kavya Verma',_binary '\0',NULL,NULL,'2025-07-17 06:03:41.236504','system',8),(21,_binary '','+91-7502136500','2025-07-17 06:03:41.236504','admin','Supply Chain','Supply Chain Lead','ravi.jain@industrialsuppliesco.com','Ravi Jain',_binary '\0',NULL,NULL,'2025-07-17 06:03:41.236504','system',8),(22,_binary '','+91-7253152224','2025-07-17 06:03:41.252127','admin','Business Development','Account Executive','raj.gupta@rawmaterialsinc.com','Raj Gupta',_binary '\0',NULL,NULL,'2025-07-17 06:03:41.252127','system',9),(23,_binary '','+91-7156571739','2025-07-17 06:03:41.260637','admin','Sales','Supply Chain Lead','meera.jain@rawmaterialsinc.com','Meera Jain',_binary '\0',NULL,NULL,'2025-07-17 06:03:41.260637','system',9),(24,_binary '','+91-7994783608','2025-07-17 06:03:41.268150','admin','Quality Control','Quality Manager','meera.shah@rawmaterialsinc.com','Meera Shah',_binary '\0',NULL,NULL,'2025-07-17 06:03:41.268150','system',9),(25,_binary '','+91-7807444043','2025-07-17 06:03:41.268150','admin','Quality Control','Quality Manager','meera.reddy@fabricationpartnersltd.com','Meera Reddy',_binary '\0',NULL,NULL,'2025-07-17 06:03:41.268150','system',10),(26,_binary '','+91-7197476012','2025-07-17 06:03:41.283789','admin','Operations','Sales Manager','suresh.patel@fabricationpartnersltd.com','Suresh Patel',_binary '\0',NULL,NULL,'2025-07-17 06:03:41.283789','system',10),(27,_binary '','+91-7005860730','2025-07-17 06:03:41.283789','admin','Business Development','Supply Chain Lead','pooja.kumar@fabricationpartnersltd.com','Pooja Kumar',_binary '\0',NULL,NULL,'2025-07-17 06:03:41.283789','system',10),(28,_binary '','+91-7910045447','2025-07-17 06:03:41.299444','admin','Operations','Account Executive','amit.jain@qualitycomponentscorp.com','Amit Jain',_binary '\0',NULL,NULL,'2025-07-17 06:03:41.299444','system',11),(29,_binary '','+91-7957032560','2025-07-17 06:03:41.299444','admin','Supply Chain','Account Executive','ravi.verma@qualitycomponentscorp.com','Ravi Verma',_binary '\0',NULL,NULL,'2025-07-17 06:03:41.299444','system',11),(30,_binary '','+91-7121832243','2025-07-17 06:03:41.299444','admin','Operations','Account Executive','anita.agarwal@reliablesuppliersinc.com','Anita Agarwal',_binary '\0',NULL,NULL,'2025-07-17 06:03:41.299444','system',12),(31,_binary '','+91-7785385293','2025-07-17 06:03:41.315037','admin','Sales','Account Executive','amit.kumar@reliablesuppliersinc.com','Amit Kumar',_binary '\0',NULL,NULL,'2025-07-17 06:03:41.315037','system',12),(32,_binary '','+91-7670026602','2025-07-17 06:03:41.315037','admin','Operations','Account Executive','raj.gupta@premierpartsltd.com','Raj Gupta',_binary '\0',NULL,NULL,'2025-07-17 06:03:41.315037','system',13),(33,_binary '','+91-7423613452','2025-07-17 06:03:41.315037','admin','Sales','Sales Manager','anita.reddy@premierpartsltd.com','Anita Reddy',_binary '\0',NULL,NULL,'2025-07-17 06:03:41.315037','system',13),(34,_binary '','+91-7348679103','2025-07-17 06:03:41.330662','admin','Operations','Account Executive','kavya.gupta@advancedmaterialsco.com','Kavya Gupta',_binary '\0',NULL,NULL,'2025-07-17 06:03:41.330662','system',14),(35,_binary '','+91-7462597983','2025-07-17 06:03:41.330662','admin','Business Development','Quality Manager','vikram.singh@advancedmaterialsco.com','Vikram Singh',_binary '\0',NULL,NULL,'2025-07-17 06:03:41.330662','system',14),(36,_binary '','+91-7782614799','2025-07-17 06:03:41.346288','admin','Business Development','Business Head','kavya.agarwal@advancedmaterialsco.com','Kavya Agarwal',_binary '\0',NULL,NULL,'2025-07-17 06:03:41.346288','system',14),(37,_binary '','+91-7614307659','2025-07-17 06:03:41.346288','admin','Operations','Account Executive','pooja.reddy@specialtycomponentsinc.com','Pooja Reddy',_binary '\0',NULL,NULL,'2025-07-17 06:03:41.346288','system',15),(38,_binary '','+91-7664263921','2025-07-17 06:03:41.360797','admin','Supply Chain','Quality Manager','pooja.verma@specialtycomponentsinc.com','Pooja Verma',_binary '\0',NULL,NULL,'2025-07-17 06:03:41.360797','system',15),(39,_binary '','+91-7992592659','2025-07-17 06:03:41.362307','admin','Business Development','Quality Manager','ravi.agarwal@industrialresourcesltd.com','Ravi Agarwal',_binary '\0',NULL,NULL,'2025-07-17 06:03:41.362307','system',16),(40,_binary '','+91-7087438508','2025-07-17 06:03:41.362307','admin','Quality Control','Business Head','meera.patel@industrialresourcesltd.com','Meera Patel',_binary '\0',NULL,NULL,'2025-07-17 06:03:41.362307','system',16),(41,_binary '','+91-7479727516','2025-07-17 06:03:41.362307','admin','Supply Chain','Quality Manager','meera.patel@industrialresourcesltd.com','Meera Patel',_binary '\0',NULL,NULL,'2025-07-17 06:03:41.362307','system',16),(42,_binary '','+91-7392068511','2025-07-17 06:03:41.378869','admin','Quality Control','Business Head','meera.sharma@manufacturingsuppliescorp.com','Meera Sharma',_binary '\0',NULL,NULL,'2025-07-17 06:03:41.378869','system',17),(43,_binary '','+91-7875149351','2025-07-17 06:03:41.378869','admin','Business Development','Business Head','meera.kumar@manufacturingsuppliescorp.com','Meera Kumar',_binary '\0',NULL,NULL,'2025-07-17 06:03:41.378869','system',17),(44,_binary '','+91-7435103045','2025-07-17 06:03:41.378869','admin','Sales','Supply Chain Lead','vikram.reddy@componentspecialistsltd.com','Vikram Reddy',_binary '\0',NULL,NULL,'2025-07-17 06:03:41.378869','system',18),(45,_binary '','+91-7419815453','2025-07-17 06:03:41.398186','admin','Supply Chain','Sales Manager','raj.patel@componentspecialistsltd.com','Raj Patel',_binary '\0',NULL,NULL,'2025-07-17 06:03:41.398186','system',18),(46,_binary '','+91-7531934574','2025-07-17 06:03:41.398186','admin','Quality Control','Business Head','amit.verma@componentspecialistsltd.com','Amit Verma',_binary '\0',NULL,NULL,'2025-07-17 06:03:41.398186','system',18),(47,_binary '','+91-7741193779','2025-07-17 06:03:41.398186','admin','Sales','Supply Chain Lead','anita.verma@materialsolutionsinc.com','Anita Verma',_binary '\0',NULL,NULL,'2025-07-17 06:03:41.398186','system',19),(48,_binary '','+91-7622935597','2025-07-17 06:03:41.398186','admin','Quality Control','Account Executive','anita.agarwal@materialsolutionsinc.com','Anita Agarwal',_binary '\0',NULL,NULL,'2025-07-17 06:03:41.398186','system',19),(49,_binary '','+91-7893792832','2025-07-17 06:03:41.413814','admin','Quality Control','Quality Manager','pooja.agarwal@partsmanufacturersco.com','Pooja Agarwal',_binary '\0',NULL,NULL,'2025-07-17 06:03:41.413814','system',20),(50,_binary '','+91-7675393770','2025-07-17 06:03:41.413814','admin','Operations','Supply Chain Lead','priya.singh@partsmanufacturersco.com','Priya Singh',_binary '\0',NULL,NULL,'2025-07-17 06:03:41.413814','system',20),(51,_binary '','+91-7955009484','2025-07-17 06:03:41.413814','admin','Sales','Business Head','kavya.sharma@partsmanufacturersco.com','Kavya Sharma',_binary '\0',NULL,NULL,'2025-07-17 06:03:41.413814','system',20),(52,_binary '','+91-7172931092','2025-07-17 06:03:41.429468','admin','Business Development','Supply Chain Lead','meera.reddy@supplychainpartnersltd.com','Meera Reddy',_binary '\0',NULL,NULL,'2025-07-17 06:03:41.429468','system',21),(53,_binary '','+91-7401334076','2025-07-17 06:03:41.429468','admin','Operations','Account Executive','ravi.kumar@supplychainpartnersltd.com','Ravi Kumar',_binary '\0',NULL,NULL,'2025-07-17 06:03:41.429468','system',21);
/*!40000 ALTER TABLE `vendor_personnel` ENABLE KEYS */;
UNLOCK TABLES;

--
-- Table structure for table `vendors`
--

DROP TABLE IF EXISTS `vendors`;
/*!40101 SET @saved_cs_client     = @@character_set_client */;
/*!50503 SET character_set_client = utf8mb4 */;
CREATE TABLE `vendors` (
  `id` bigint NOT NULL AUTO_INCREMENT,
  `active` bit(1) NOT NULL,
  `address_line1` varchar(255) DEFAULT NULL,
  `address_line2` varchar(255) DEFAULT NULL,
  `city` varchar(255) DEFAULT NULL,
  `company_name` varchar(100) NOT NULL,
  `contact_number` varchar(255) DEFAULT NULL,
  `country` varchar(255) DEFAULT NULL,
  `created_at` datetime(6) NOT NULL,
  `created_by` varchar(255) DEFAULT NULL,
  `description` text,
  `email` varchar(255) DEFAULT NULL,
  `postal_code` varchar(255) DEFAULT NULL,
  `secondary_contact` varchar(255) DEFAULT NULL,
  `state` varchar(255) DEFAULT NULL,
  `updated_at` datetime(6) DEFAULT NULL,
  `updated_by` varchar(255) DEFAULT NULL,
  `website_url` varchar(255) DEFAULT NULL,
  PRIMARY KEY (`id`),
  UNIQUE KEY `UK_q554vm99wa0bedmxw27cj1bc8` (`company_name`)
) ENGINE=InnoDB AUTO_INCREMENT=23 DEFAULT CHARSET=utf8mb4 COLLATE=utf8mb4_0900_ai_ci;
/*!40101 SET character_set_client = @saved_cs_client */;

--
-- Dumping data for table `vendors`
--

LOCK TABLES `vendors` WRITE;
/*!40000 ALTER TABLE `vendors` DISABLE KEYS */;
INSERT INTO `vendors` VALUES (1,_binary '','736','GIDC Makarpura','Vadodara','Ganesh Engineering','767786775','','2025-07-14 06:40:35.858046','system','This company helps us develop any kind of gears required in machines.','','','','Gu','2025-07-14 06:46:10.483362','system',''),(2,_binary '','Plot 45, Industrial Estate','','Faridabad','Steel Suppliers India Ltd','+91-7060596206','India','2025-07-17 06:03:41.104313','admin','Trusted supplier of mechanical parts with over 16 years of experience.','info@steelsuppliersindialtd.com','121003',NULL,'Haryana','2025-07-17 06:03:41.104313','system',NULL),(3,_binary '','Unit 12, Manufacturing Zone','','Hosur','Precision Parts Co','+91-7368107491','India','2025-07-17 06:03:41.135808','admin','Trusted supplier of steel parts with over 17 years of experience.','info@precisionpartsco.com','635109',NULL,'Tamil Nadu','2025-07-17 06:03:41.135808','system',NULL),(4,_binary '','Building 7, Industrial Park','','Aurangabad','Electronic Components Inc','+91-7540288236','India','2025-07-17 06:03:41.160461','admin','Trusted supplier of precision components with over 12 years of experience.','info@electroniccomponentsinc.com','431001',NULL,'Maharashtra','2025-07-17 06:03:41.160461','system',NULL),(5,_binary '','Sector 8, Industrial Area','','Rajkot','Hardware Solutions Pvt Ltd','+91-7707931174','India','2025-07-17 06:03:41.173933','admin','Trusted supplier of mechanical parts with over 15 years of experience.','info@hardwaresolutionspvtltd.com','360003',NULL,'Gujarat','2025-07-17 06:03:41.173933','system',NULL),(6,_binary '','Plot 23, Export Promotion Zone','','Coimbatore','Metal Works Corporation','+91-7402923698','India','2025-07-17 06:03:41.189564','admin','Trusted supplier of electronic assemblies with over 17 years of experience.','info@metalworkscorporation.com','641014',NULL,'Tamil Nadu','2025-07-17 06:03:41.189564','system',NULL),(7,_binary '','Plot 45, Industrial Estate','','Faridabad','Component Manufacturers Ltd','+91-7629341195','India','2025-07-17 06:03:41.220881','admin','Trusted supplier of mechanical parts with over 16 years of experience.','info@componentmanufacturersltd.com','121003',NULL,'Haryana','2025-07-17 06:03:41.220881','system',NULL),(8,_binary '','Unit 12, Manufacturing Zone','','Hosur','Industrial Supplies Co','+91-7769810931','India','2025-07-17 06:03:41.236504','admin','Trusted supplier of electronic assemblies with over 17 years of experience.','info@industrialsuppliesco.com','635109',NULL,'Tamil Nadu','2025-07-17 06:03:41.236504','system',NULL),(9,_binary '','Building 7, Industrial Park','','Aurangabad','Raw Materials Inc','+91-7684047334','India','2025-07-17 06:03:41.252127','admin','Trusted supplier of electronic assemblies with over 19 years of experience.','info@rawmaterialsinc.com','431001',NULL,'Maharashtra','2025-07-17 06:03:41.252127','system',NULL),(10,_binary '','Sector 8, Industrial Area','','Rajkot','Fabrication Partners Ltd','+91-7281676318','India','2025-07-17 06:03:41.268150','admin','Trusted supplier of steel parts with over 23 years of experience.','info@fabricationpartnersltd.com','360003',NULL,'Gujarat','2025-07-17 06:03:41.268150','system',NULL),(11,_binary '','Plot 23, Export Promotion Zone','','Coimbatore','Quality Components Corp','+91-7687480666','India','2025-07-17 06:03:41.283789','admin','Trusted supplier of precision components with over 21 years of experience.','info@qualitycomponentscorp.com','641014',NULL,'Tamil Nadu','2025-07-17 06:03:41.283789','system',NULL),(12,_binary '','Plot 45, Industrial Estate','','Faridabad','Reliable Suppliers Inc','+91-7012128261','India','2025-07-17 06:03:41.299444','admin','Trusted supplier of electronic assemblies with over 22 years of experience.','info@reliablesuppliersinc.com','121003',NULL,'Haryana','2025-07-17 06:03:41.299444','system',NULL),(13,_binary '','Unit 12, Manufacturing Zone','','Hosur','Premier Parts Ltd','+91-7002152040','India','2025-07-17 06:03:41.315037','admin','Trusted supplier of steel parts with over 9 years of experience.','info@premierpartsltd.com','635109',NULL,'Tamil Nadu','2025-07-17 06:03:41.315037','system',NULL),(14,_binary '','Building 7, Industrial Park','','Aurangabad','Advanced Materials Co','+91-7833530222','India','2025-07-17 06:03:41.330662','admin','Trusted supplier of steel parts with over 20 years of experience.','info@advancedmaterialsco.com','431001',NULL,'Maharashtra','2025-07-17 06:03:41.330662','system',NULL),(15,_binary '','Sector 8, Industrial Area','','Rajkot','Specialty Components Inc','+91-7290825480','India','2025-07-17 06:03:41.346288','admin','Trusted supplier of electronic assemblies with over 22 years of experience.','info@specialtycomponentsinc.com','360003',NULL,'Gujarat','2025-07-17 06:03:41.346288','system',NULL),(16,_binary '','Plot 23, Export Promotion Zone','','Coimbatore','Industrial Resources Ltd','+91-7553017262','India','2025-07-17 06:03:41.362307','admin','Trusted supplier of mechanical parts with over 16 years of experience.','info@industrialresourcesltd.com','641014',NULL,'Tamil Nadu','2025-07-17 06:03:41.362307','system',NULL),(17,_binary '','Plot 45, Industrial Estate','','Faridabad','Manufacturing Supplies Corp','+91-7990746900','India','2025-07-17 06:03:41.378869','admin','Trusted supplier of precision components with over 19 years of experience.','info@manufacturingsuppliescorp.com','121003',NULL,'Haryana','2025-07-17 06:03:41.378869','system',NULL),(18,_binary '','Unit 12, Manufacturing Zone','','Hosur','Component Specialists Ltd','+91-7987921104','India','2025-07-17 06:03:41.378869','admin','Trusted supplier of steel parts with over 14 years of experience.','info@componentspecialistsltd.com','635109',NULL,'Tamil Nadu','2025-07-17 06:03:41.378869','system',NULL),(19,_binary '','Building 7, Industrial Park','','Aurangabad','Material Solutions Inc','+91-7774561084','India','2025-07-17 06:03:41.398186','admin','Trusted supplier of mechanical parts with over 18 years of experience.','info@materialsolutionsinc.com','431001',NULL,'Maharashtra','2025-07-17 06:03:41.398186','system',NULL),(20,_binary '','Sector 8, Industrial Area','','Rajkot','Parts Manufacturers Co','+91-7150970173','India','2025-07-17 06:03:41.413814','admin','Trusted supplier of electronic assemblies with over 13 years of experience.','info@partsmanufacturersco.com','360003',NULL,'Gujarat','2025-07-17 06:03:41.413814','system',NULL),(21,_binary '','Plot 23, Export Promotion Zone','','Coimbatore','Supply Chain Partners Ltd','+91-7555420347','India','2025-07-17 06:03:41.429468','admin','Trusted supplier of precision components with over 7 years of experience.','info@supplychainpartnersltd.com','641014',NULL,'Tamil Nadu','2025-07-17 06:03:41.429468','system',NULL);
/*!40000 ALTER TABLE `vendors` ENABLE KEYS */;
UNLOCK TABLES;
/*!40103 SET TIME_ZONE=@OLD_TIME_ZONE */;

/*!40101 SET SQL_MODE=@OLD_SQL_MODE */;
/*!40014 SET FOREIGN_KEY_CHECKS=@OLD_FOREIGN_KEY_CHECKS */;
/*!40014 SET UNIQUE_CHECKS=@OLD_UNIQUE_CHECKS */;
/*!40101 SET CHARACTER_SET_CLIENT=@OLD_CHARACTER_SET_CLIENT */;
/*!40101 SET CHARACTER_SET_RESULTS=@OLD_CHARACTER_SET_RESULTS */;
/*!40101 SET COLLATION_CONNECTION=@OLD_COLLATION_CONNECTION */;
/*!40111 SET SQL_NOTES=@OLD_SQL_NOTES */;

-- Dump completed on 2026-03-05 12:08:57
